"accession","title","source","characteristics"
"GSM4368178","Rosettes, Control_2","Rosettes","!Sample_characteristics_ch1 = stress treatment: Control; !Sample_characteristics_ch1 = tissue: Rosettes; !Sample_characteristics_ch1 = biological replicate: Rep1"
"GSM4368179","Rosettes, Control_3","Rosettes","!Sample_characteristics_ch1 = stress treatment: Control; !Sample_characteristics_ch1 = tissue: Rosettes; !Sample_characteristics_ch1 = biological replicate: Rep2"
"GSM4368180","Rosettes, Salt_1","Rosettes","!Sample_characteristics_ch1 = stress treatment: Control; !Sample_characteristics_ch1 = tissue: Rosettes; !Sample_characteristics_ch1 = biological replicate: Rep3"
"GSM4368181","Rosettes, Salt_2","Rosettes","!Sample_characteristics_ch1 = stress treatment: Salt; !Sample_characteristics_ch1 = tissue: Rosettes; !Sample_characteristics_ch1 = biological replicate: Rep1"
"GSM4368182","Rosettes, Salt_3","Rosettes","!Sample_characteristics_ch1 = stress treatment: Salt; !Sample_characteristics_ch1 = tissue: Rosettes; !Sample_characteristics_ch1 = biological replicate: Rep2"
"GSM4368183","Rosettes, Mannitol_1","Rosettes","!Sample_characteristics_ch1 = stress treatment: Salt; !Sample_characteristics_ch1 = tissue: Rosettes; !Sample_characteristics_ch1 = biological replicate: Rep3"
"GSM4368184","Rosettes, Mannitol_2","Rosettes","!Sample_characteristics_ch1 = stress treatment: Mannitol; !Sample_characteristics_ch1 = tissue: Rosettes; !Sample_characteristics_ch1 = biological replicate: Rep1"
"GSM4368185","Rosettes, Mannitol_3","Rosettes","!Sample_characteristics_ch1 = stress treatment: Mannitol; !Sample_characteristics_ch1 = tissue: Rosettes; !Sample_characteristics_ch1 = biological replicate: Rep2"
"GSM4368186","Rosettes, Heat_1","Rosettes","!Sample_characteristics_ch1 = stress treatment: Mannitol; !Sample_characteristics_ch1 = tissue: Rosettes; !Sample_characteristics_ch1 = biological replicate: Rep3"
"GSM4368187","Rosettes, Heat_2","Rosettes","!Sample_characteristics_ch1 = stress treatment: Heat; !Sample_characteristics_ch1 = tissue: Rosettes; !Sample_characteristics_ch1 = biological replicate: Rep1"
"GSM4368188","Rosettes, Heat_3","Rosettes","!Sample_characteristics_ch1 = stress treatment: Heat; !Sample_characteristics_ch1 = tissue: Rosettes; !Sample_characteristics_ch1 = biological replicate: Rep2"
"GSM4368189","Rosettes, Salt_Mannitol_1","Rosettes","!Sample_characteristics_ch1 = stress treatment: Heat; !Sample_characteristics_ch1 = tissue: Rosettes; !Sample_characteristics_ch1 = biological replicate: Rep3"
"GSM4368190","Rosettes, Salt_Mannitol_2","Rosettes","!Sample_characteristics_ch1 = stress treatment: Salt_Mannitol; !Sample_characteristics_ch1 = tissue: Rosettes; !Sample_characteristics_ch1 = biological replicate: Rep1"
"GSM4368191","Rosettes, Salt_Mannitol_3","Rosettes","!Sample_characteristics_ch1 = stress treatment: Salt_Mannitol; !Sample_characteristics_ch1 = tissue: Rosettes; !Sample_characteristics_ch1 = biological replicate: Rep2"
"GSM4368192","Rosettes, Salt_Heat_1","Rosettes","!Sample_characteristics_ch1 = stress treatment: Salt_Mannitol; !Sample_characteristics_ch1 = tissue: Rosettes; !Sample_characteristics_ch1 = biological replicate: Rep3"
"GSM4368193","Rosettes, Salt_Heat_2","Rosettes","!Sample_characteristics_ch1 = stress treatment: Salt_Heat; !Sample_characteristics_ch1 = tissue: Rosettes; !Sample_characteristics_ch1 = biological replicate: Rep1"
"GSM4368194","Rosettes, Salt_Heat_3","Rosettes","!Sample_characteristics_ch1 = stress treatment: Salt_Heat; !Sample_characteristics_ch1 = tissue: Rosettes; !Sample_characteristics_ch1 = biological replicate: Rep2"
"GSM4368195","Rosettes, Mannitol_Heat_1","Rosettes","!Sample_characteristics_ch1 = stress treatment: Salt_Heat; !Sample_characteristics_ch1 = tissue: Rosettes; !Sample_characteristics_ch1 = biological replicate: Rep3"
"GSM4368196","Rosettes, Mannitol_Heat_2","Rosettes","!Sample_characteristics_ch1 = stress treatment: Mannitol_Heat; !Sample_characteristics_ch1 = tissue: Rosettes; !Sample_characteristics_ch1 = biological replicate: Rep1"
"GSM4368197","Rosettes, Mannitol_Heat_3","Rosettes","!Sample_characteristics_ch1 = stress treatment: Mannitol_Heat; !Sample_characteristics_ch1 = tissue: Rosettes; !Sample_characteristics_ch1 = biological replicate: Rep2"
"GSM4368198","Rosettes, Salt_Mannitol_Heat_1","Rosettes","!Sample_characteristics_ch1 = stress treatment: Mannitol_Heat; !Sample_characteristics_ch1 = tissue: Rosettes; !Sample_characteristics_ch1 = biological replicate: Rep3"
"GSM4368199","Rosettes, Salt_Mannitol_Heat_2","Rosettes","!Sample_characteristics_ch1 = stress treatment: Salt_Mannitol_Heat; !Sample_characteristics_ch1 = tissue: Rosettes; !Sample_characteristics_ch1 = biological replicate: Rep1"
"GSM4368200","Rosettes, Salt_Mannitol_Heat_3","Rosettes","!Sample_characteristics_ch1 = stress treatment: Salt_Mannitol_Heat; !Sample_characteristics_ch1 = tissue: Rosettes; !Sample_characteristics_ch1 = biological replicate: Rep2"
"GSM4368201",NA,"Rosettes","!Sample_characteristics_ch1 = stress treatment: Salt_Mannitol_Heat; !Sample_characteristics_ch1 = tissue: Rosettes; !Sample_characteristics_ch1 = biological replicate: Rep3"
