"ID","Description","GeneRatio","BgRatio","RichFactor","FoldEnrichment","oddsRatio","zScore","pvalue","p.adjust","qvalue","geneID","Count"
"GO:0009753","response to jasmonic acid","27/170","211/14312",0.127962085308057,10.7729021466406,14.3229705077531,15.6799205132598,1.84688538722379e-20,8.79927833705301e-18,5.81317140075499e-18,"NA/GRX480/NATA1/AtBBE16/AtMDAR3/ATVSP2/ESP/UF3GT/FAMT/JAZ8/JAZ7/ATJRG21/AtCAPE7/ATCHS/JAS1/ATWRKY54/THI2.1/JAO4/ATWRKY51/ATVSP1/ATWRKY46/ATWRKY70/GLYI4/MEB1/ATST2A/GES/ILL6",27
"GO:0070542","response to fatty acid","27/170","215/14312",0.125581395348837,10.5724760601915,14.0142091950603,15.5054439020467,3.05000982220208e-20,8.79927833705301e-18,5.81317140075499e-18,"NA/GRX480/NATA1/AtBBE16/AtMDAR3/ATVSP2/ESP/UF3GT/FAMT/JAZ8/JAZ7/ATJRG21/AtCAPE7/ATCHS/JAS1/ATWRKY54/THI2.1/JAO4/ATWRKY51/ATVSP1/ATWRKY46/ATWRKY70/GLYI4/MEB1/ATST2A/GES/ILL6",27
"GO:0009751","response to salicylic acid","17/170","178/14312",0.0955056179775281,8.04044943820225,9.64872325741891,10.3629135854069,3.68837105895393e-11,7.09396700338806e-09,4.68657138942218e-09,"GRX480/ATLTL1/FAMT/ATNUDT6/DLO1/UGT76B1/AtCAPE7/BT5/PCC1/ATWRKY54/LURP1/NA/ATWRKY46/SAI-LLP1/ATWRKY70/GLYI4/ATWRKY38",17
"GO:0009627","systemic acquired resistance","12/170","81/14312",0.148148148148148,12.4723311546841,15.4903687396808,11.3522124435261,1.8569455011916e-10,2.24845643351501e-08,1.4854243876016e-08,"AtCAPE9/NIMIN-2/SARD1/NA/JAS1/NIMIN-1/AtGH3.12/NA/SAI-LLP1/ATWRKY70/DEG15/ILL6",12
"GO:0071395","cellular response to jasmonic acid stimulus","13/170","101/14312",0.128712871287129,10.8361094933023,13.223943254198,10.8761642303432,1.94840245538562e-10,2.24845643351501e-08,1.4854243876016e-08,"GRX480/UF3GT/JAZ8/JAZ7/ATJRG21/JAS1/ATWRKY54/THI2.1/JAO4/ATWRKY51/ATWRKY46/ATWRKY70/GLYI4",13
"GO:0071398","cellular response to fatty acid","13/170","105/14312",0.123809523809524,10.4233053221289,12.645389088895,10.6255338020076,3.19933932117308e-10,3.07669798052811e-08,2.0325954043132e-08,"GRX480/UF3GT/JAZ8/JAZ7/ATJRG21/JAS1/ATWRKY54/THI2.1/JAO4/ATWRKY51/ATWRKY46/ATWRKY70/GLYI4",13
"GO:2000022","regulation of jasmonic acid mediated signaling pathway","9/170","39/14312",0.230769230769231,19.4280542986425,26.295652173913,12.6345037588361,5.94110370459344e-10,4.8971669107863e-08,3.23527334175008e-08,"JAZ8/JAZ7/ATJRG21/JAS1/ATWRKY54/JAO4/ATWRKY46/ATWRKY70/GLYI4",9
"GO:0009611","response to wounding","18/170","250/14312",0.072,6.06155294117647,7.10015880217786,8.8518546960166,1.01169654249695e-09,7.29686131275927e-08,4.82061185858725e-08,"AtBBE16/ATVSP2/NA/FAMT/CYP94B3/JAZ8/JAZ7/ATBSMT1/F-ATMBP/AtCAPE7/ATCHS/JAS1/CYP74B2/UPI/NA/GLYI4/ATPME2/GES",18
"GO:0009867","jasmonic acid mediated signaling pathway","12/170","97/14312",0.123711340206186,10.415039417829,12.5602382725242,10.2009028809516,1.58854433070196e-09,1.01843342090559e-07,6.72819725573567e-08,"GRX480/JAZ8/JAZ7/ATJRG21/JAS1/ATWRKY54/THI2.1/JAO4/ATWRKY51/ATWRKY46/ATWRKY70/GLYI4",12
"GO:0071446","cellular response to salicylic acid stimulus","10/170","66/14312",0.151515151515152,12.7557932263815,15.7209821428571,10.4949765247962,5.09901367209097e-09,2.94213088879649e-07,1.94369475369473e-07,"GRX480/ATNUDT6/UGT76B1/PCC1/ATWRKY54/NA/SAI-LLP1/ATWRKY70/GLYI4/ATWRKY38",10
"GO:0009620","response to fungus","20/170","352/14312",0.0568181818181818,4.78342245989305,5.54618473895582,7.87984174386417,6.96740402165335e-09,3.65472010953998e-07,2.41446100518027e-07,"NA/ATCLH1/AZI3/EARLI1/AtMDAR3/CYP82G1/FAMT/ATJRG21/PRX62/ARGAH2/DLO1/PCC1/ATGRXS13/ATWRKY54/NA/LURP1/UPI/JAO4/ATWRKY51/ATWRKY70",20
"GO:0010112","regulation of systemic acquired resistance","7/170","24/14312",0.291666666666667,24.5549019607843,35.6820642367376,12.6620853370442,8.60632864772484e-09,4.1382096914477e-07,2.73387445051631e-07,"NIMIN-2/SARD1/NA/JAS1/NIMIN-1/AtGH3.12/ILL6",7
"GO:0009863","salicylic acid mediated signaling pathway","9/170","60/14312",0.15,12.6282352941176,15.4450127877238,9.89590607138033,3.34787769788636e-08,1.48594263975418e-06,9.81675874509764e-07,"GRX480/ATNUDT6/UGT76B1/PCC1/ATWRKY54/NA/ATWRKY70/GLYI4/ATWRKY38",9
"GO:0050832","defense response to fungus","16/170","253/14312",0.0632411067193676,5.32415717275052,6.09567647542331,7.608316162489,5.62417233158228e-08,2.31796245380213e-06,1.53134297249418e-06,"ATCLH1/AZI3/EARLI1/CYP82G1/ATJRG21/PRX62/ARGAH2/PCC1/ATGRXS13/ATWRKY54/NA/LURP1/UPI/JAO4/ATWRKY51/ATWRKY70",16
"GO:0002213","defense response to insect","7/170","43/14312",0.162790697674419,13.7050615595075,16.8271983640082,9.1478338406908,6.62718624918629e-07,2.52437883799813e-05,1.66771027163991e-05,"ATVSP2/CYP82G1/CYP94B3/ATJRG21/UPI/JAO4/CYP81D11",7
"GO:0006979","response to oxidative stress","18/170","383/14312",0.0469973890339426,3.95662724619874,4.46982696467195,6.43043018730382,7.00001064262913e-07,2.52437883799813e-05,1.66771027163991e-05,"iqd21/NA/ATMSRB6/ATVSP2/HSP17.4B/ATMSRB7/PER4/BT5/ATCHS/ATGRXS13/ATWRKY54/NA/AT-POX/RMG1/ATWRKY70/GLYI4/GES/CML10",18
"GO:0031347","regulation of defense response","15/170","305/14312",0.0491803278688525,4.1404050144648,4.62246941045606,6.07808896548371,3.57994711064819e-06,0.000121507616637883,8.0273015008388e-05,"LecRK-I.5/JAZ8/NIMIN-2/JAZ7/SARD1/ATJRG21/NA/PCC1/JAS1/ATWRKY54/NIMIN-1/AtGH3.12/JAO4/ATWRKY70/ILL6",15
"GO:0080134","regulation of response to stress","17/170","444/14312",0.0382882882882883,3.22342342342342,3.5688264376789,5.21808056610623,2.18603915390774e-05,0.000667344604778677,0.000440875765301317,"LecRK-I.5/AtCAPE9/JAZ8/NIMIN-2/JAZ7/SARD1/ATJRG21/NA/PCC1/JAS1/ATWRKY54/NIMIN-1/AtGH3.12/JAO4/ATWRKY46/ATWRKY70/ILL6",17
"GO:0002831","regulation of response to biotic stimulus","12/170","234/14312",0.0512820512820513,4.31734539969834,4.76223058501539,5.60960363299961,2.31315287618259e-05,0.000667344604778677,0.000440875765301317,"LecRK-I.5/NIMIN-2/SARD1/ATJRG21/NA/PCC1/JAS1/NIMIN-1/AtGH3.12/JAO4/ATWRKY70/ILL6",12
"GO:0032101","regulation of response to external stimulus","12/170","234/14312",0.0512820512820513,4.31734539969834,4.76223058501539,5.60960363299961,2.31315287618259e-05,0.000667344604778677,0.000440875765301317,"LecRK-I.5/NIMIN-2/SARD1/ATJRG21/NA/PCC1/JAS1/NIMIN-1/AtGH3.12/JAO4/ATWRKY70/ILL6",12
"GO:0098542","defense response to other organism","16/170","416/14312",0.0384615384615385,3.23800904977376,3.56935064935065,5.07887630763718,3.65243227436782e-05,0.00100354924871916,0.000662986618725051,"LecRK-I.5/EARLI1/AtCAPE9/NIMIN-2/SARD1/NA/AtCAPE7/JAS1/NIMIN-1/AtGH3.12/NA/BGLU22/SAI-LLP1/ATWRKY70/DEG15/ILL6",16
"GO:0042742","defense response to bacterium","16/170","421/14312",0.0380047505938242,3.19955288528713,3.52400192400192,5.0224166235913,4.21524534960654e-05,0.00110554389396499,0.000730368548476779,"LecRK-I.5/ATCLH1/AZI3/EARLI1/ESP/NA/SARD1/UGT76B1/ATWRKY54/AT-POX/NIMIN-1/AtGH3.12/ATWRKY51/ATWRKY46/ATWRKY70/ATWRKY38",16
"GO:0080027","response to herbivore","4/170","18/14312",0.222222222222222,18.7084967320261,24.3166953528399,8.24223692788931,5.16287495590785e-05,0.00129520819546036,0.000855668720941414,"AT-BETA-AMY/FAMT/AtCAPE7/GES",4
"GO:0140546","defense response to symbiont","14/170","343/14312",0.0408163265306122,3.43625450180072,3.76786688488816,5.00715564074802,6.05299053828232e-05,0.00145523980857871,0.000961392299735244,"LecRK-I.5/EARLI1/AtCAPE9/NIMIN-2/SARD1/NA/JAS1/NIMIN-1/AtGH3.12/NA/SAI-LLP1/ATWRKY70/DEG15/ILL6",14
"GO:2000031","regulation of salicylic acid mediated signaling pathway","4/170","23/14312",0.173913043478261,14.6414322250639,17.9112238427394,7.17838925442704,0.000142633130612966,0.00329197265454726,0.00217481486031623,"ATNUDT6/ATWRKY54/ATWRKY70/GLYI4",4
"GO:0071396","cellular response to lipid","15/170","441/14312",0.0340136054421769,2.86354541816727,3.11585642889596,4.35822277386409,0.000249390582360318,0.00553455253930397,0.00365635695395368,"GRX480/iqd21/UF3GT/JAZ8/JAZ7/ATJRG21/bHLH129/JAS1/ATWRKY54/THI2.1/JAO4/ATWRKY51/ATWRKY46/ATWRKY70/GLYI4",15
"GO:0006826","iron ion transport","4/170","31/14312",0.129032258064516,10.8629981024668,12.5970548862115,6.02718499977482,0.000470665295962324,0.0100582916951948,0.00664492829789728,"FEP1/FEP3/FEP2/ATIRT3",4
"GO:0042594","response to starvation","9/170","193/14312",0.0466321243523316,3.92587625723865,4.24054820415879,4.4867996285006,0.000499515524542086,0.010250539704083,0.00677193537555896,"BHLH100/FEP1/CEPD1/ASN1/FEP3/AtSWEET16/BHLH038/FEP2/BHLH101",9
"GO:0000302","response to reactive oxygen species","8/170","155/14312",0.0516129032258065,4.34519924098672,4.70143613000756,4.59098905838713,0.000526385702901441,0.010250539704083,0.00677193537555896,"iqd21/HSP17.4B/ATMSRB7/BT5/ATWRKY54/RMG1/ATWRKY70/GES",8
"GO:0009718","anthocyanin-containing compound biosynthetic process","4/170","32/14312",0.125,10.5235294117647,12.1462994836489,5.91306765303181,0.000532957003678493,0.010250539704083,0.00677193537555896,"UF3GT/ATCHS/AtMYB114/AT5MAT",4
"GO:1990641","response to iron ion starvation","3/170","15/14312",0.2,16.8376470588235,21.1526946107784,6.72849395459239,0.000674471761801434,0.0125538776309493,0.0082936167737198,"FEP1/FEP3/FEP2",3
"GO:0001676","long-chain fatty acid metabolic process","5/170","60/14312",0.0833333333333333,7.0156862745098,7.76143250688705,5.11949275377628,0.000718360030923205,0.012952929307584,0.00855724700624332,"ATMES18/NA/CYP94B3/ATST2A/ILL6",5
"GO:0031667","response to nutrient levels","10/170","247/14312",0.0404858299595142,3.40843057870922,3.66693037974684,4.18616918121424,0.000742793942220948,0.0129876395351966,0.00858017803475975,"BHLH100/FEP1/AtCAPE9/CEPD1/ASN1/FEP3/AtSWEET16/BHLH038/FEP2/BHLH101",10
"GO:1900457","regulation of brassinosteroid mediated signaling pathway","3/170","16/14312",0.1875,15.7852941176471,19.5241824044219,6.48763973180405,0.000822899965411485,0.0139650964718361,0.00922592698051311,"ATWRKY54/ATWRKY46/ATWRKY70",3
"GO:0002239","response to oomycetes","6/170","97/14312",0.0618556701030928,5.20751970891449,5.64902170999732,4.55871696501338,0.00104135130820319,0.0171674201380925,0.0113415159685616,"LecRK-I.5/SARD1/DLO1/UGT76B1/PCC1/ATWRKY70",6
"GO:0071456","cellular response to hypoxia","9/170","224/14312",0.0401785714285714,3.38256302521008,3.6210602340026,3.94046768691446,0.00143508665906038,0.0230012500632733,0.0151955880843537,"HSP17.4B/CYP82C2/PER4/NA/AT-POX/ATWRKY46/ATWRKY70/ATXTH18/CML10",9
"GO:0036294","cellular response to decreased oxygen levels","9/170","226/14312",0.0398230088495575,3.35262883914628,3.58717119386324,3.90856941279117,0.00152592055653926,0.0231037259779382,0.0152632879608183,"HSP17.4B/CYP82C2/PER4/NA/AT-POX/ATWRKY46/ATWRKY70/ATXTH18/CML10",9
"GO:0071453","cellular response to oxygen levels","9/170","226/14312",0.0398230088495575,3.35262883914628,3.58717119386324,3.90856941279117,0.00152592055653926,0.0231037259779382,0.0152632879608183,"HSP17.4B/CYP82C2/PER4/NA/AT-POX/ATWRKY46/ATWRKY70/ATXTH18/CML10",9
"GO:0010959","regulation of metal ion transport","3/170","20/14312",0.15,12.6282352941176,14.9260302923565,5.70540318439369,0.00161775044616432,0.0231037259779382,0.0152632879608183,"FEP1/FEP3/FEP2",3
"GO:0051050","positive regulation of transport","3/170","20/14312",0.15,12.6282352941176,14.9260302923565,5.70540318439369,0.00161775044616432,0.0231037259779382,0.0152632879608183,"FEP1/FEP3/FEP2",3
"GO:0002229","defense response to oomycetes","5/170","72/14312",0.0694444444444444,5.84640522875817,6.36589778380823,4.51996438916177,0.00164168590137862,0.0231037259779382,0.0152632879608183,"LecRK-I.5/SARD1/DLO1/PCC1/ATWRKY70",5
"GO:0180055","response to metal ion starvation","3/170","21/14312",0.142857142857143,12.0268907563025,14.0958083832335,5.54415603880176,0.00187100751140792,0.0257040793829135,0.0169811902099158,"FEP1/FEP3/FEP2",3
"GO:0009694","jasmonic acid metabolic process","4/170","49/14312",0.0816326530612245,6.87250900360144,7.54859437751004,4.51461089489333,0.00268519771695078,0.0360316065739674,0.0238039867402572,"ATMES18/CYP94B3/ATST2A/ILL6",4
"GO:0046283","anthocyanin-containing compound metabolic process","4/170","51/14312",0.0784313725490196,6.60299884659746,7.22635221738016,4.39475497320325,0.00310950883246185,0.0407769680984201,0.0269389710927843,"UF3GT/ATCHS/AtMYB114/AT5MAT",4
"GO:0001666","response to hypoxia","9/170","252/14312",0.0357142857142857,3.00672268907563,3.19737750172533,3.52370064717034,0.0031857709441974,0.0408486629955978,0.0269863357413258,"HSP17.4B/CYP82C2/PER4/NA/AT-POX/ATWRKY46/ATWRKY70/ATXTH18/CML10",9
"GO:0060586","multicellular organismal-level iron ion homeostasis","3/170","26/14312",0.115384615384615,9.71402714932127,11.0275969799531,4.87589444023423,0.0035019935750438,0.0433950353081548,0.02866857582239,"BHLH100/BHLH038/BHLH101",3
"GO:0036293","response to decreased oxygen levels","9/170","256/14312",0.03515625,2.95974264705882,3.14469283576835,3.468903249266,0.00353477757276131,0.0433950353081548,0.02866857582239,"HSP17.4B/CYP82C2/PER4/NA/AT-POX/ATWRKY46/ATWRKY70/ATXTH18/CML10",9
"GO:0070482","response to oxygen levels","9/170","257/14312",0.0350194552529183,2.94822613870451,3.13178721699058,3.45536983528639,0.00362656037635999,0.043594277857494,0.028800203786101,"HSP17.4B/CYP82C2/PER4/NA/AT-POX/ATWRKY46/ATWRKY70/ATXTH18/CML10",9
"GO:0009414","response to water deprivation","12/170","413/14312",0.0290556900726392,2.44614727246831,2.60254427223082,3.26963900982738,0.00385688274884378,0.0454167621649564,0.0300042131660353,"BHLH100/XTH6/AtMDAR3/AtCAPE9/ANNAT4/ATWRKY54/AT-POX/ATMYB15/ATWRKY46/ATWRKY70/GLYI4/ANN3",12
