"gene_id","log2FoldChange","pvalue","padj","status"
"AT1G21110",4.04544828250225,8.24378264620117e-89,1.58280626807063e-84,"Upregulated"
"AT4G30910",3.23510988657672,9.05622710075954e-82,8.69397801672916e-78,"Upregulated"
"AT1G26380",3.59250549950203,9.71735371129628e-74,5.81629651338665e-70,"Upregulated"
"AT1G26420",3.69006259174284,1.21172844028888e-73,5.81629651338665e-70,"Upregulated"
"AT5G24110",4.16804478208673,9.69589898932022e-66,3.72322521189896e-62,"Upregulated"
"AT5G23820",-1.7498846590678,2.89200454795899e-65,9.25441455346876e-62,"Downregulated"
"AT2G47240",2.4256139654297,7.18293720575737e-64,1.97017706215059e-60,"Upregulated"
"AT2G02930",5.98321397556093,1.14006307290204e-62,2.7361513749649e-59,"Upregulated"
"AT4G23280",5.4099259347837,1.14497589112111e-59,2.4426152343917e-56,"Upregulated"
"AT1G02930",3.12346502161544,1.49256754958866e-57,2.86572969521023e-54,"Upregulated"
"AT5G57220",2.63547643591195,6.38364682921559e-53,1.11423653746308e-49,"Upregulated"
"AT1G02360",2.88124792542108,4.33972005959343e-52,6.94355209534948e-49,"Upregulated"
"AT4G00970",2.11438758736003,8.78190518371432e-48,1.29701984251781e-44,"Upregulated"
"AT1G21100",2.20233700983326,2.18506813299998e-46,2.99666486811426e-43,"Upregulated"
"AT3G19930",1.78497325871647,1.36711369108339e-43,1.74990552458674e-40,"Upregulated"
"AT1G26410",4.25586164071469,1.5332763205892e-43,1.83993158470704e-40,"Upregulated"
"AT3G12910",4.72089369923241,6.1774617843086e-41,6.97689801521913e-38,"Upregulated"
"AT2G28630",2.22432185033966,3.25524811366063e-39,3.47226465457133e-36,"Upregulated"
"AT4G11470",3.81412062761648,2.93976859450673e-37,2.97071352708049e-34,"Upregulated"
"AT1G72060",2.73596804996656,5.97675499046287e-37,5.73768479084436e-34,"Upregulated"
