"baseMean","log2FoldChange","lfcSE","stat","pvalue","padj","gene_id","status"
291.059225113825,4.04544828250225,0.202476203791606,19.9798702600426,8.24378264620117e-89,1.58280626807063e-84,"AT1G21110","Upregulated"
1315.49454137465,3.23510988657672,0.168904711856711,19.1534614458903,9.05622710075954e-82,8.69397801672916e-78,"AT4G30910","Upregulated"
1031.45430521682,3.59250549950203,0.197767468789221,18.1653004990972,9.71735371129628e-74,5.81629651338665e-70,"AT1G26380","Upregulated"
737.724444984248,3.69006259174284,0.203273592405169,18.1531823592104,1.21172844028888e-73,5.81629651338665e-70,"AT1G26420","Upregulated"
450.924021318771,4.16804478208673,0.243392463465587,17.1247898260254,9.69589898932022e-66,3.72322521189896e-62,"AT5G24110","Upregulated"
4209.9396536323,2.4256139654297,0.143762315494786,16.8723907727938,7.18293720575737e-64,1.97017706215059e-60,"AT2G47240","Upregulated"
309.763755156894,5.98321397556093,0.358097925217495,16.7083179047378,1.14006307290204e-62,2.7361513749649e-59,"AT2G02930","Upregulated"
238.742199155098,5.4099259347837,0.332082325542358,16.2909180003729,1.14497589112111e-59,2.4426152343917e-56,"AT4G23280","Upregulated"
16462.8695447258,3.12346502161544,0.195334713004285,15.990322322008,1.49256754958866e-57,2.86572969521023e-54,"AT1G02930","Upregulated"
553.864607297152,2.63547643591195,0.172121328044093,15.3117365863969,6.38364682921559e-53,1.11423653746308e-49,"AT5G57220","Upregulated"
425.534779971845,2.88124792542108,0.189723277512138,15.1865810205431,4.33972005959343e-52,6.94355209534948e-49,"AT1G02360","Upregulated"
1240.02261463497,2.11438758736003,0.145598233536764,14.5220689564625,8.78190518371432e-48,1.29701984251781e-44,"AT4G00970","Upregulated"
453.561995329432,2.20233700983326,0.15400854338079,14.300096354966,2.18506813299998e-46,2.99666486811426e-43,"AT1G21100","Upregulated"
2090.05275696906,1.78497325871647,0.128927099357056,13.8448260111172,1.36711369108339e-43,1.74990552458674e-40,"AT3G19930","Upregulated"
183.892349633494,4.25586164071469,0.307580435672497,13.8365810927136,1.5332763205892e-43,1.83993158470704e-40,"AT1G26410","Upregulated"
168.304753179129,4.72089369923241,0.352347379146924,13.3984073066253,6.1774617843086e-41,6.97689801521913e-38,"AT3G12910","Upregulated"
1231.87461929484,2.22432185033966,0.169784345450745,13.1008653620833,3.25524811366063e-39,3.47226465457133e-36,"AT2G28630","Upregulated"
137.723272539501,3.81412062761648,0.299039433382071,12.7545741525778,2.93976859450673e-37,2.97071352708049e-34,"AT4G11470","Upregulated"
142.61667517849,2.73596804996656,0.215444800248012,12.6991602805777,5.97675499046287e-37,5.73768479084436e-34,"AT1G72060","Upregulated"
5789.41810864946,1.91373086983959,0.151568326866965,12.6261924862396,1.51429951095947e-36,1.38450241002008e-33,"AT3G24503","Upregulated"
650.223861285536,1.72385636335379,0.136608632372322,12.6189416687482,1.66037641351304e-36,1.44905577906593e-33,"AT4G23220","Upregulated"
848.207140431279,2.35208349965225,0.186649546024362,12.6016031099548,2.06896082276198e-36,1.72713251291435e-33,"AT1G21120","Upregulated"
4103.41842469567,5.0144360597616,0.401022826290866,12.5041163021593,7.08836879561298e-36,5.67069503649039e-33,"AT1G66700","Upregulated"
510.454918812919,1.94246650767647,0.15609415910766,12.4441972638882,1.50388723479949e-35,1.15498539632601e-32,"AT3G45290","Upregulated"
1282.98916120621,1.9898647083265,0.160098571991851,12.4289972332032,1.81901799317825e-35,1.34327482573163e-32,"AT3G22060","Upregulated"
116.705668340663,4.5895648461713,0.377555551083579,12.1559988536768,5.3306248111778e-34,3.7906665323931e-31,"AT5G59530","Upregulated"
1195.42068750198,2.06816491870439,0.172646897204672,11.9791606579097,4.56926313911992e-33,3.13320900968223e-30,"AT2G39400","Upregulated"
488.606972781936,2.68673870950459,0.225149583836421,11.9331275844445,7.95283209761133e-33,5.26532331979785e-30,"AT2G15220","Upregulated"
333.110294269226,2.62199441982811,0.223606916833683,11.7259092739888,9.38874326270644e-32,6.00879568813212e-29,"AT1G61560","Upregulated"
243.805517575688,1.96536086700855,0.167784498506849,11.7136021771899,1.08567061557785e-31,6.72415349003056e-29,"AT1G58225","Upregulated"
211.391685397082,2.62880974543968,0.226064600577386,11.6285775779379,2.94971768911501e-31,1.76983061346901e-28,"AT1G17147","Upregulated"
121.198376158778,3.45260464846408,0.301109891574518,11.4662611394473,1.94899478712281e-30,1.13396060341691e-27,"AT2G25297","Upregulated"
388.253278125256,2.44601060741559,0.21363621078905,11.4494195454105,2.36725328640058e-30,1.33680185584974e-27,"AT2G39200","Upregulated"
1445.92517921299,1.65707354096333,0.145453032992507,11.3924990553391,4.5572855018608e-30,2.49999661816364e-27,"AT1G64400","Upregulated"
241.638336833872,2.39662218456544,0.211519004243132,11.3305288720564,9.26436445262227e-30,4.94099437473188e-27,"AT1G11300","Upregulated"
168.081987045646,2.13019864799091,0.191587526695544,11.1186708484215,1.01776922112995e-28,5.28139703937705e-26,"AT1G23840","Upregulated"
85.855655744243,3.65455932362073,0.33323339214323,10.9669661258015,5.50899588948901e-28,2.7121210532869e-25,"AT1G65484","Upregulated"
141.513101408153,2.5520296518052,0.232656657815174,10.9690806864103,5.38167739221963e-28,2.7121210532869e-25,"AT1G78860","Upregulated"
294.889391244804,2.64041456319172,0.243513399803495,10.8429949453394,2.15304988751e-27,1.00825750829737e-24,"AT3G26500","Upregulated"
378.510555479077,1.66439397659925,0.155254814855898,10.7204016709182,8.16479800039978e-27,3.64567724669013e-24,"AT1G22890","Upregulated"
940.452151477079,2.3672622265515,0.225068540922142,10.5179614034571,7.140172843597e-26,2.91683656589495e-23,"AT5G48540","Upregulated"
6110.49877233483,1.32805687448127,0.126664751405372,10.4848180709013,1.01440702726748e-25,4.0576281090699e-23,"AT1G21130","Upregulated"
12935.8507291862,3.64576259333362,0.348918860870759,10.4487403869063,1.48484149841592e-25,5.81815444277257e-23,"AT1G02920","Upregulated"
200.947595702971,1.86722720226979,0.183399153648105,10.1812203880314,2.40525714853661e-24,9.05508573566723e-22,"AT2G25735","Upregulated"
3476.69449707951,2.04676178582506,0.201335900751495,10.165905723646,2.81493476843055e-24,1.03936052988205e-21,"AT3G16530","Upregulated"
411.11794329899,1.43662740176865,0.141516258727673,10.151677373928,3.25716311967773e-24,1.1799534320342e-21,"AT2G17040","Upregulated"
468.560729806402,1.72658210208843,0.170152580529724,10.147257812448,3.40804966009244e-24,1.21175099025509e-21,"AT4G23810","Upregulated"
8425.8285950718,1.82414635889426,0.180711912976691,10.0942230583855,5.85932097147548e-24,2.0454356845878e-21,"AT1G78850","Upregulated"
581.515085772754,1.73979955413743,0.173648564347586,10.0190840084052,1.25662140009949e-23,4.30841622891253e-21,"AT4G23190","Upregulated"
267.920108225573,1.95724400967616,0.196621402192234,9.95437926824768,2.41324135256564e-23,7.9886610291828e-21,"AT2G29720","Upregulated"
2166.08323943341,2.07166573359016,0.209006223240126,9.91198109546257,3.69250615384499e-23,1.20162912125125e-20,"AT2G38860","Upregulated"
372.509994039739,1.84497821029092,0.18742927110654,9.84359699740918,7.30513115464312e-23,2.3376419694858e-20,"AT1G61360","Upregulated"
72.2541474148598,3.2243436868459,0.330273655898183,9.76264267301993,1.62855213737358e-22,4.96320651390044e-20,"AT4G20000","Upregulated"
434.92673955865,2.1463599844094,0.222767195170368,9.63499128661161,5.6896826996825e-22,1.70690480990475e-19,"AT5G27420","Upregulated"
501.566672542096,1.95905970422857,0.205000868740783,9.55634830360519,1.21985029712897e-21,3.6032501084425e-19,"AT5G18470","Upregulated"
90.9125781573698,2.44188477851051,0.255801033599458,9.54603171124825,1.34759501920554e-21,3.92027641950703e-19,"AT5G44910","Upregulated"
2135.52360523558,1.48180288986858,0.155274455638511,9.54312081646138,1.38597438255636e-21,3.9717474843406e-19,"AT1G64710","Upregulated"
1002.1501802358,1.47687064212154,0.155378575329193,9.50498251765126,2.00081617388426e-21,5.64936331449674e-19,"AT4G14365","Upregulated"
180.658602167231,2.59849368662328,0.275014726640578,9.44856196744439,3.43517446185538e-21,9.55874632864107e-19,"AT1G10040","Upregulated"
2131.1738739964,1.29835808133286,0.137544177424551,9.43957138458345,3.7430737034166e-21,1.0266716443657e-18,"AT1G33600","Upregulated"
275.341608475069,2.32271312812247,0.246227501295272,9.43319944321371,3.97766947118725e-21,1.07565146263092e-18,"AT1G16090","Upregulated"
769.280035335401,1.59370424341186,0.171563273682992,9.28930888994721,1.55293370170409e-20,4.0292333882052e-18,"AT2G39210","Upregulated"
66.420063666641,3.05105169171856,0.333989968800619,9.13515966564833,6.5310330091988e-20,1.64994518127128e-17,"AT5G07760","Upregulated"
431.012662462051,2.35736535650061,0.262820278171023,8.96949570598438,2.97875078702113e-19,7.06074260627231e-17,"AT1G65690","Upregulated"
1090.28350263027,1.35602776593155,0.152898786734361,8.86879349989507,7.39426516840813e-19,1.71048061727031e-16,"AT3G20470","Upregulated"
131.662202054128,1.78653748716203,0.202624446791319,8.81698884538827,1.17578950357248e-18,2.68751886530853e-16,"AT5G28630","Upregulated"
389.63312559098,1.62399245414195,0.184864693377784,8.78476265245096,1.56695038337048e-18,3.53946439537803e-16,"AT4G14746","Upregulated"
143.56203926518,2.08229850201442,0.237366864132335,8.77249025311939,1.7475764922863e-18,3.88022525956749e-16,"AT1G05675","Upregulated"
208.423710255398,1.89850349031075,0.216432446175419,8.77180627886082,1.75822707074152e-18,3.88022525956749e-16,"AT4G18253","Upregulated"
121.065800735002,2.3262296782951,0.272038315033015,8.55111044932323,1.21909895374237e-17,2.54420651215799e-15,"AT5G53110","Upregulated"
370.47059761261,1.91391256085608,0.223911537870684,8.54762813500669,1.25643768327286e-17,2.59393586224075e-15,"AT1G65500","Upregulated"
882.727230883249,1.31712885792917,0.154291898643682,8.53660412184649,1.38224123223778e-17,2.82330124031546e-15,"AT4G02330","Upregulated"
138.251056094049,2.23047448053241,0.263050462427723,8.47926462454052,2.26621713549169e-17,4.53243427098339e-15,"AT4G21120","Upregulated"
339.961958796944,1.41391339196587,0.16907454554752,8.36266267868503,6.1318347698364e-17,1.21372399567896e-14,"AT1G22250","Upregulated"
611.425236902051,1.00362409001444,0.120882433822315,8.30248083430938,1.01959602551898e-16,1.99757588673106e-14,"AT1G80530","Upregulated"
786.730222321158,1.48355507488199,0.1799229301389,8.24550308143983,1.6446678821924e-16,3.15278370555329e-14,"AT3G26210","Upregulated"
50.9398787164367,3.25786291052336,0.395155818018303,8.24450194574248,1.65849559510876e-16,3.15278370555329e-14,"AT5G38250","Upregulated"
3563.54824712879,1.17168477665442,0.143845863364138,8.14541863945275,3.77971916223508e-16,6.911486468087e-14,"AT4G04020","Upregulated"
72.2676792643759,2.55979675498757,0.314706826936987,8.13390920019701,4.15663933231454e-16,7.52900709249426e-14,"AT5G44575","Upregulated"
397.724561361554,1.45666757447054,0.180236301603996,8.08198771006207,6.37195281951387e-16,1.14337844985669e-13,"AT1G18570","Upregulated"
155.174049263967,1.69804628038864,0.210551516142693,8.06475446720534,7.33832017846651e-16,1.3045902539496e-13,"AT5G02020","Upregulated"
91.7206820762094,2.3972068626331,0.297708267222267,8.0522011867523,8.1318090386203e-16,1.43239205083954e-13,"AT3G15518","Upregulated"
413.421714548418,2.05848297925982,0.257241379759491,8.00214561585856,1.22269667708203e-15,2.13416147272499e-13,"AT1G51890","Upregulated"
767.681291130589,1.12691659693428,0.14117788574971,7.98224588043594,1.43694425310627e-15,2.4855251945622e-13,"AT1G67120","Upregulated"
47.4636501003521,2.8390106196668,0.356855599308985,7.95562862167291,1.78224258877138e-15,3.05527300932236e-13,"AT2G25470","Upregulated"
5275.30024941075,4.24455343133124,0.536258123465276,7.91513125041934,2.46992391503624e-15,4.19668488218548e-13,"AT2G43590","Upregulated"
95.0006806510089,2.06943345564236,0.262412023156151,7.88619908018056,3.11529492555976e-15,5.24681250620591e-13,"AT1G49000","Upregulated"
500.049400211805,1.27528553157983,0.161996416646398,7.87230704221987,3.48160406966077e-15,5.81276505543363e-13,"AT4G23140","Upregulated"
214.789998282493,1.36696805166217,0.175146773324419,7.80470017069727,5.96431704352578e-15,9.6564762927188e-13,"AT3G50900","Upregulated"
71.1435723454793,3.89193755692917,0.499966718276551,7.7843932699064,7.00485487763777e-15,1.12077678042204e-12,"AT5G43840","Upregulated"
442.684316467941,1.56324190413442,0.201518061092696,7.7573290238007,8.67366944756921e-15,1.37631779663908e-12,"AT5G52750","Upregulated"
210.230212324136,1.50748113338913,0.194444824396056,7.75274496542325,8.99271125234984e-15,1.40374029304973e-12,"AT1G30720","Upregulated"
172.21889662981,1.99335328052546,0.257309373427938,7.74691280760403,9.41535596934389e-15,1.4578615694468e-12,"AT5G47230","Upregulated"
282.492240387302,2.1169482042623,0.275906543033816,7.67270025924264,1.68412728563681e-14,2.52619092845522e-12,"AT1G35230","Upregulated"
933.413593129842,1.73859143676582,0.226576337404266,7.67331424227129,1.67608194813433e-14,2.52619092845522e-12,"AT2G18690","Upregulated"
256.815243427327,1.4739592573732,0.192180647869835,7.6696549507499,1.72459650160494e-14,2.52765288784846e-12,"AT4G20320","Upregulated"
108.198139449452,1.70197318859938,0.222331278086208,7.65512258666299,1.93127926659901e-14,2.80913347868946e-12,"AT1G66465","Upregulated"
2200.38490734649,1.11826852280331,0.146109569388696,7.65362958416756,1.95384557148563e-14,2.8205890956785e-12,"AT3G19010","Upregulated"
165.092151749938,1.82848941916045,0.239183610037533,7.6447103498167,2.09416200123582e-14,2.99901752183379e-12,"AT2G18660","Upregulated"
44.4451692713421,3.70730288302248,0.485513908966934,7.63583249532604,2.24365873855602e-14,3.1443976481953e-12,"AT1G51920","Upregulated"
149.535995242782,1.81515511801221,0.237703360707221,7.63621983556191,2.2369225066908e-14,3.1443976481953e-12,"AT5G09420","Upregulated"
1250.6053402896,1.1786441670216,0.154591852781253,7.62423210419359,2.45491314293788e-14,3.41553132930487e-12,"AT4G27300","Upregulated"
192.72614429386,1.4029723372096,0.184586757206931,7.60061208311274,2.94733364875982e-14,4.0711371263445e-12,"AT5G60950","Upregulated"
390.497551889848,1.33959277347508,0.177101235354586,7.56399451868866,3.9087621406361e-14,5.28508683804317e-12,"AT2G32680","Upregulated"
64.1639677499205,3.56805624525756,0.472270288730056,7.55511479422542,4.18490590957782e-14,5.61889464782477e-12,"AT5G40990","Upregulated"
69.490157437701,2.84735100538429,0.380824461284122,7.47680701965194,7.61501102136758e-14,9.94613684423521e-12,"AT5G44990","Upregulated"
568.947922267158,1.37323718437695,0.18485641562974,7.42866932531836,1.09695594504355e-13,1.4230779827592e-11,"AT5G25930","Upregulated"
557.558486691406,1.50196925740236,0.202498690383187,7.41718010403028,1.19640207073746e-13,1.54167246699055e-11,"AT1G62300","Upregulated"
2269.91360900926,1.1317463187244,0.154358526072383,7.33193266042,2.26857087167353e-13,2.82834809974881e-11,"AT5G37600","Upregulated"
99.8912957680413,2.0477859291031,0.27988520252563,7.31652088293444,2.54482436342978e-13,3.15229856631302e-11,"AT2G43000","Upregulated"
109.860729550581,1.84408580861556,0.252347205596279,7.30773223447478,2.71688504997742e-13,3.34385852304914e-11,"AT4G11521","Upregulated"
833.372397428134,1.04678576389039,0.143783137033112,7.28030967671349,3.33054751054017e-13,4.05808357014098e-11,"AT1G73680","Upregulated"
79.5420120284239,2.07040049484744,0.284397665697961,7.27994897484943,3.33946460459518e-13,4.05808357014098e-11,"AT2G46150","Upregulated"
980.873112337969,1.11086963056435,0.152693203863047,7.27517402516949,3.45974155013757e-13,4.17780111714726e-11,"AT2G01670","Upregulated"
79.7062427044377,2.40910691461349,0.332161335522465,7.25282161701373,4.08177516897522e-13,4.83765945952618e-11,"AT2G18680","Upregulated"
248.658530536038,1.07707932605868,0.148901452194073,7.23350451045199,4.70686810298699e-13,5.51047973032623e-11,"AT1G33610","Upregulated"
421.114367036447,1.56042225656537,0.215889512444705,7.22787429039673,4.90612531541955e-13,5.70894582157912e-11,"AT3G10500","Upregulated"
78.4052320122457,1.96847342932582,0.273024220436973,7.2098857243335,5.59988522274692e-13,6.43819139381682e-11,"AT3G09520","Upregulated"
56.9477604201626,2.58305527151984,0.359684585031019,7.18144557486966,6.89781433844644e-13,7.79047266459833e-11,"AT3G21520","Upregulated"
314.137165441539,1.43843136960136,0.201985232169961,7.12146801104246,1.06783520601315e-12,1.18511190493945e-10,"AT1G65845","Upregulated"
72.7311549310124,1.90900084545968,0.269064690409003,7.09495119020568,1.29397146160708e-12,1.41160523084409e-10,"AT5G57010","Upregulated"
51.7948666329211,2.56686818295593,0.362173000612091,7.08740899685451,1.36646098529407e-12,1.47393544481158e-10,"AT5G06570","Upregulated"
1605.53507653927,1.39647332076656,0.197338449140401,7.076539452142,1.47798691129476e-12,1.58532674284131e-10,"AT2G24180","Upregulated"
283.654316523223,1.00344316451071,0.143174227774364,7.00854602192858,2.40807416283671e-12,2.51277303948179e-10,"AT3G61060","Upregulated"
40.7814337794293,2.8437589013628,0.40624288586253,7.00014449563828,2.55698656788513e-12,2.6537374109943e-10,"AT5G38310","Upregulated"
214.647157781162,1.23481447218063,0.176601087045855,6.99211138977875,2.70779748011413e-12,2.78019848225622e-10,"AT1G18390","Upregulated"
532.467649595744,1.03560557121094,0.148294189091229,6.98345348227938,2.88010840051962e-12,2.94138730265833e-10,"AT3G09830","Upregulated"
79.7094547430248,2.1537786415374,0.308462863241277,6.9822947855241,2.90396981593968e-12,2.95006457492285e-10,"AT1G67920","Upregulated"
87.8576002258854,1.6607876075008,0.238901696419164,6.95176146672009,3.60753021297109e-12,3.60753021297109e-10,"AT4G17670","Upregulated"
279.856135518339,1.29644057368884,0.186734054632064,6.94271099207541,3.8464583100679e-12,3.82652847426444e-10,"AT2G46620","Upregulated"
440.394710151798,1.04705648961365,0.151006313231899,6.93385903677878,4.09512727779479e-12,4.03212531967487e-10,"AT4G18880","Upregulated"
165.44079104115,1.41752868223115,0.204434579690894,6.93389877766502,4.09397640952467e-12,4.03212531967487e-10,"AT4G23230","Upregulated"
771.846335947996,1.18721755196977,0.17124902941598,6.93269652983495,4.12893336344773e-12,4.04466941725492e-10,"AT5G27120","Upregulated"
623.931931354197,1.00817019598515,0.145814941225134,6.91403903821192,4.7104545534467e-12,4.59089986934907e-10,"AT1G72440","Upregulated"
256.910194540085,1.22479263464627,0.177324891764251,6.90705417869142,4.94820996800324e-12,4.79826421139708e-10,"AT2G18900","Upregulated"
31.4627379934123,3.64583055469706,0.532853451364962,6.84208865562917,7.8046759670858e-12,7.38176249103682e-10,"AT2G40740","Upregulated"
32.1570209004393,3.19863292921741,0.469315916228179,6.81552195144869,9.39221304483767e-12,8.83972992455311e-10,"AT4G17660","Upregulated"
315.102732402541,1.55981090045965,0.228953590609712,6.81278199789666,9.5729154262498e-12,8.92232894097069e-10,"AT4G35110","Upregulated"
274.119085107488,1.15822262673456,0.170154518732201,6.80688726555324,9.9733020857947e-12,9.25059903609943e-10,"AT1G68990","Upregulated"
133.12770984551,1.70357228892433,0.250376500751434,6.80404224762126,1.01723686255966e-11,9.38987873131991e-10,"AT4G39830","Upregulated"
30.9603055210234,4.67717923799611,0.68751124252229,6.80305855193992,1.02420995481417e-11,9.40901011121155e-10,"AT3G14225","Upregulated"
647.410984058459,1.17148865302139,0.172399434971524,6.79520007252276,1.08162316809529e-11,9.88912610829978e-10,"AT1G20160","Upregulated"
213.768209794563,1.21514535767758,0.179900730552567,6.75453264667268,1.43296400770211e-11,1.30392933402277e-09,"AT5G12420","Upregulated"
285.539033171344,1.00569475907386,0.149455297479359,6.72906732672195,1.70754037598336e-11,1.53919132483007e-09,"AT1G24150","Upregulated"
1600.09357005334,1.26144885686855,0.187748248925416,6.71883154217681,1.8318753760952e-11,1.63590731260594e-09,"AT2G36580","Upregulated"
411.829143041055,1.0301754268329,0.154096480876307,6.68526251199612,2.30511057642333e-11,2.02091886152182e-09,"AT1G10490","Upregulated"
47.4104497095531,2.65806799571859,0.397876568316441,6.68063466759511,2.37909642897307e-11,2.07630233801286e-09,"AT1G07900","Upregulated"
1447.09896977357,1.10713810071991,0.16588069150403,6.67430362558512,2.4840885386233e-11,2.15812216930169e-09,"AT4G13510","Upregulated"
409.199163651974,1.08298923297107,0.162366505023612,6.67002860481339,2.55753571325603e-11,2.21192277903224e-09,"AT4G20020","Upregulated"
445.306928000358,1.03540605381399,0.156358002350667,6.62202150352287,3.54319495911539e-11,3.0235263651118e-09,"AT4G16630","Upregulated"
420.111528871185,1.20820514336343,0.183054420889595,6.60025110287898,4.10461959954494e-11,3.44142778651803e-09,"AT5G50200","Upregulated"
632.521275458262,1.48384352433723,0.225137983459079,6.59081822417999,4.37409168538623e-11,3.65141566780068e-09,"AT5G55450","Upregulated"
44.4368326708764,2.63931434023555,0.400677656302856,6.58712633139842,4.48420722723292e-11,3.72713327977801e-09,"AT5G56960","Upregulated"
241.732951913353,1.12059011551139,0.170410732467331,6.57581890111424,4.83861184556941e-11,3.98394578843336e-09,"AT1G80270","Upregulated"
127.751097435499,1.5471524556544,0.235630327713938,6.56601580392776,5.16793335204708e-11,4.20442035420779e-09,"AT3G13784","Upregulated"
204.092422433193,1.37139102373904,0.208845358582601,6.56653819384088,5.14984429221813e-11,4.20442035420779e-09,"AT4G01720","Upregulated"
196.941601315829,1.25906586881437,0.192019081149591,6.55698309395361,5.49072354347454e-11,4.44818109851102e-09,"AT5G15700","Upregulated"
305.562190344548,1.18580308518105,0.181031540985603,6.55025681560846,5.74382197981062e-11,4.63367151312453e-09,"AT3G18600","Upregulated"
80.6043927545623,1.73427964807123,0.264916712362562,6.54650902392942,5.88975919993189e-11,4.73152203509173e-09,"AT2G44080","Upregulated"
711.067949123563,1.12634725211521,0.172620266925433,6.52500006040287,6.80015067577462e-11,5.37295855863673e-09,"AT4G25730","Upregulated"
2745.83092290337,1.28734523560631,0.197599686739966,6.51491536674552,7.27306539020124e-11,5.7230678480272e-09,"AT3G54640","Upregulated"
569.394578636112,1.07874344380717,0.165904301143921,6.50220299515543,7.91521898162704e-11,6.17773188809915e-09,"AT5G55920","Upregulated"
24.4837926313752,3.6302509994989,0.558910455145361,6.49522828939522,8.29075931894238e-11,6.44463882282161e-09,"AT3G50170","Upregulated"
1190.69668173998,1.2088993516196,0.186662842794881,6.47637919533898,9.39497687389258e-11,7.24431951721837e-09,"AT1G25220","Upregulated"
608.018108132521,1.0386742888226,0.160694905114234,6.46364169470236,1.02212734410549e-10,7.78763690747044e-09,"AT3G06530","Upregulated"
241.081866390257,1.65232472812918,0.255891147317941,6.4571390821746,1.06700829216097e-10,8.09745423300024e-09,"AT3G14440","Upregulated"
195.445950207844,1.6699924336042,0.259950952643302,6.42425971754648,1.32512792544292e-10,9.97743379157024e-09,"AT1G11210","Upregulated"
209.750850981831,1.80270428621421,0.28120333829143,6.41067882468004,1.44873111072171e-10,1.07396283111416e-08,"AT3G54420","Upregulated"
588.89059630798,1.24453781177187,0.195080206001271,6.37962116855548,1.77526577938688e-10,1.30095812840565e-08,"AT4G05020","Upregulated"
295.710384358131,1.58406297438829,0.248458064314083,6.3755748027797,1.82277993827984e-10,1.32565813693079e-08,"AT1G19020","Upregulated"
501.968844654552,1.22122076008102,0.191686253645063,6.3709355097643,1.87878636518356e-10,1.3612338947745e-08,"AT5G13200","Upregulated"
1265.34084477318,1.05590818024797,0.166186987772497,6.35373559868275,2.10147922855544e-10,1.49089355856546e-08,"AT1G66880","Upregulated"
342.634557406263,1.04686629973223,0.164747911781059,6.35435246744405,2.09306416456207e-10,1.49089355856546e-08,"AT3G22310","Upregulated"
723.834053847459,1.21747641401696,0.192029956940674,6.34003378125577,2.29714788396883e-10,1.60382688626187e-08,"AT2G18050","Upregulated"
144.621100070408,1.14364644518914,0.181051654174542,6.3166859778404,2.67231810053613e-10,1.83901460682056e-08,"AT4G27010","Upregulated"
766.544717070875,1.48493543142712,0.235141657795769,6.31506745910951,2.70043654725993e-10,1.8517279181211e-08,"AT5G20960","Upregulated"
357.139806934,1.12513961790924,0.178211132531128,6.31352038410231,2.72758379436515e-10,1.86368714775127e-08,"AT3G16810","Upregulated"
471.470422349734,1.56138028751436,0.249022297708063,6.27004208813788,3.60950526835962e-10,2.41472129451236e-08,"AT4G11890","Upregulated"
29.1264622552751,2.80034850207317,0.450321659588951,6.21855165623012,5.01764764922848e-10,3.2768311178635e-08,"AT4G07820","Upregulated"
49.4607788952646,2.4125857624926,0.38830547875464,6.21311285699641,5.19451127344397e-10,3.38083445593641e-08,"AT5G24090","Upregulated"
294.505374005378,1.06825808847529,0.172839054029882,6.18065225172198,6.38372962668452e-10,4.0855869610781e-08,"AT1G79150","Upregulated"
315.679502490087,1.08889229535428,0.176666292975861,6.16355433179922,7.11299571240899e-10,4.53719327834726e-08,"AT5G02050","Upregulated"
353.729409319216,1.07396377236719,0.175077976415874,6.13420256706722,8.55874075563623e-10,5.38779745928576e-08,"AT3G59820","Upregulated"
198.62491365532,1.2416152307867,0.203026325341561,6.11553811407398,9.62316783180788e-10,6.01839812282447e-08,"AT1G05300","Upregulated"
106.050786960049,1.58976630539107,0.25998788198445,6.11477078568665,9.66958470656113e-10,6.02779306383032e-08,"AT2G40095","Upregulated"
206.793731378519,1.26100648806828,0.206357064759677,6.11079872422515,9.91337294502148e-10,6.1597657134114e-08,"AT3G10530","Upregulated"
196.36454913796,1.42338235685851,0.233258842193139,6.10215820105951,1.04645719898184e-09,6.46044315770142e-08,"AT1G59590","Upregulated"
1992.64340702604,1.09121057980979,0.179323662702154,6.08514550376004,1.16385564877465e-09,7.16218860784397e-08,"AT2G04400","Upregulated"
614.166111991333,1.005762173079,0.165361949328593,6.08218624153031,1.18554740714239e-09,7.27236748151244e-08,"AT1G78600","Upregulated"
184.056898010234,3.41318610904342,0.562347801028024,6.06952868456817,1.2828617805142e-09,7.84425037766642e-08,"AT4G15236","Upregulated"
376.483647285347,1.05069298176636,0.17315594426362,6.0679001592157,1.29593421780374e-09,7.87403069045311e-08,"AT5G54860","Upregulated"
45.8213858576297,2.92739590364286,0.48262206055232,6.0656073207526,1.31455954646013e-09,7.96200103849671e-08,"AT1G69920","Upregulated"
94.1001544668233,1.81804408785356,0.300045335412938,6.05923130033489,1.36773597580351e-09,8.25802853315325e-08,"AT1G78410","Upregulated"
189.055976031166,1.30223439584352,0.214998892473313,6.05693536772597,1.38739299746447e-09,8.35045315088333e-08,"AT1G77810","Upregulated"
99.8415577034319,1.31748380425195,0.217639679909551,6.05350919832031,1.4172397585028e-09,8.50343855101679e-08,"AT5G41761","Upregulated"
38.9124357881594,2.87896141841198,0.476159370541971,6.04621392861618,1.48289169600516e-09,8.84208713145932e-08,"AT2G43580","Upregulated"
131.141864219073,1.37053942856674,0.227235603820259,6.03135866706353,1.62586883015637e-09,9.60513278123149e-08,"AT1G47560","Upregulated"
161.804345724695,1.50044519081555,0.249471628908715,6.01449229869977,1.80451345282854e-09,1.04989873619115e-07,"AT1G01340","Upregulated"
197.916303017696,1.03684344235406,0.172405695657112,6.01397441309701,1.81029096137563e-09,1.05007814073753e-07,"AT5G54910","Upregulated"
1208.37108115573,2.82061924022139,0.471723192589058,5.97939487507577,2.23968042380657e-09,1.2647607099143e-07,"AT2G43620","Upregulated"
110.92536486481,2.40323864914989,0.402021431359473,5.97788690275321,2.26050575835473e-09,1.26846463861972e-07,"AT3G26200","Upregulated"
108.193347622172,1.81422827820783,0.304022932122715,5.96740602934367,2.41055031394929e-09,1.34542343104147e-07,"AT1G79680","Upregulated"
1881.54514312695,1.13571357025002,0.190812843672567,5.95197654618517,2.64923345575007e-09,1.46164604455176e-07,"AT3G28930","Upregulated"
370.9349095168,1.06979685688303,0.180309266789713,5.93312188513687,2.97228027339871e-09,1.6212437854902e-07,"AT2G36220","Upregulated"
212.769207929922,1.1258539659325,0.18981018215734,5.93147297545525,3.00228984030102e-09,1.6283605913497e-07,"AT3G57940","Upregulated"
2140.38168109384,1.05252709079534,0.177589463486663,5.92674289414915,3.09002197640839e-09,1.66652870637756e-07,"AT1G01470","Upregulated"
224.469258365516,1.45300115035978,0.245544166798581,5.91747370464587,3.26924106963769e-09,1.74845204838562e-07,"AT1G15670","Upregulated"
79.7100741914075,1.44212658749827,0.243865127677609,5.9136236543208,3.34662070286726e-09,1.77992015221749e-07,"AT5G42010","Upregulated"
36.111249849105,2.10406157611135,0.356389365912396,5.9038281648071,3.55162094342889e-09,1.87854330892107e-07,"AT3G23230","Upregulated"
105.330268971115,1.72628944932289,0.294387657367267,5.8640007694658,4.51845381914691e-09,2.35745416651143e-07,"AT4G38560","Upregulated"
141.989085621312,1.19150647983742,0.203263806183521,5.86187232350478,4.57676888198164e-09,2.38140819875468e-07,"AT3G49210","Upregulated"
58.7383494054058,1.65808258486513,0.282930805126908,5.86038195494973,4.61803721049772e-09,2.39638687679882e-07,"AT1G52855","Upregulated"
34.7733773457071,2.12583097427252,0.36340372871054,5.84977755130795,4.92230868711026e-09,2.52696060942559e-07,"AT1G61255","Upregulated"
259.030738334742,1.02592824703061,0.175485643702643,5.84622323162246,5.0285912618886e-09,2.57463872608696e-07,"AT3G56990","Upregulated"
87.6664866294859,1.29156306954771,0.221760135384301,5.82414448525423,5.74058973376606e-09,2.89289561386636e-07,"AT5G45340","Upregulated"
59.2453986746966,1.54407291647939,0.265263800771242,5.82089569700076,5.85330906443659e-09,2.9419773308163e-07,"AT5G66640","Upregulated"
960.777950982454,1.05650434249864,0.181605199481417,5.81758862364926,5.97026104339243e-09,2.99292459616539e-07,"AT2G26560","Upregulated"
206.036896697299,1.16596394853089,0.20062769970528,5.81158010705242,6.18859069027646e-09,3.08625821437164e-07,"AT5G67340","Upregulated"
500.428038397869,1.16255461301082,0.200380696782938,5.80172956614754,6.56343581116779e-09,3.23122993780568e-07,"AT3G44750","Upregulated"
198.935884025816,1.04764005829452,0.180836452166104,5.79330132694836,6.9016117216274e-09,3.38038125140934e-07,"AT2G47990","Upregulated"
225.669210035493,1.37210235514884,0.236924785955152,5.79129933416325,6.98439709846879e-09,3.41222453665651e-07,"AT1G24145","Upregulated"
30.4694767556998,2.47079479177652,0.427005076956593,5.78633586604332,7.19383095449517e-09,3.50562320625146e-07,"AT4G15417","Upregulated"
850.098374725563,2.27405864125531,0.393430061881571,5.78008358176718,7.46635227638886e-09,3.62004958855217e-07,"AT2G30750","Upregulated"
233.72527146193,1.05054533218134,0.181880248477911,5.77602758393484,7.6484840136139e-09,3.68047351031045e-07,"AT4G16146","Upregulated"
20.4796385892173,3.08332340009771,0.533859311430921,5.77553549048976,7.67087283919761e-09,3.68201896281485e-07,"AT2G29100","Upregulated"
221.700207631478,1.00695811950101,0.174443596130318,5.77239945654848,7.81505773418226e-09,3.7418730298329e-07,"AT4G15233","Upregulated"
117.680578732846,1.18667594624286,0.205880788064061,5.76389840645851,8.21929027348717e-09,3.92563117539686e-07,"AT1G04945","Upregulated"
64.2394619341089,1.82614548701935,0.317513844268443,5.75138854567684,8.85134255472037e-09,4.20657863986711e-07,"AT5G65600","Upregulated"
33.481058385183,3.26089640459392,0.567107137949122,5.75005353730263,8.92151938348888e-09,4.22946104106139e-07,"AT4G39610","Upregulated"
72.5639267040054,1.48343452793114,0.25825331994572,5.74410632259415,9.24077140235785e-09,4.35928282371673e-07,"AT5G01040","Upregulated"
59.1283743408536,2.18694830155341,0.381527290632456,5.73208877909653,9.92013221818185e-09,4.65688358408537e-07,"AT1G69930","Upregulated"
1392.04953925541,1.24790246087327,0.217991589852979,5.72454406023139,1.03711890148149e-08,4.85675192888895e-07,"AT1G56600","Upregulated"
186.776969327085,1.00787926810548,0.176412444209155,5.71319825323963,1.10872383927346e-08,5.17943983310228e-07,"AT3G12270","Upregulated"
408.03646243505,1.01526289386201,0.178039799150828,5.70244910803295,1.18098176865052e-08,5.47701689808938e-07,"AT3G22660","Upregulated"
79.729553200899,1.55016831812222,0.272825175549878,5.68191082438731,1.33198110968777e-08,6.10393850130397e-07,"AT1G74650","Upregulated"
754.951414938589,2.14394313787869,0.377306425643861,5.68223330472074,1.32947130502315e-08,6.10393850130397e-07,"AT3G53980","Upregulated"
150.265194647406,1.92772425756776,0.340160174448894,5.66710744634035,1.45228280218819e-08,6.59192193901022e-07,"AT3G48850","Upregulated"
406.164141855723,1.11194088429633,0.196416641126272,5.66113379151765,1.50376125617612e-08,6.79346261613682e-07,"AT1G30755","Upregulated"
155.882727729301,1.04633375825421,0.185205084397694,5.64959521309577,1.6082608830897e-08,7.2146282605893e-07,"AT1G05950","Upregulated"
257.209044545752,1.0358976525845,0.183408389475196,5.64803854146808,1.62288798971587e-08,7.24638358198716e-07,"AT3G55510","Upregulated"
56.9352584479142,1.69067118022583,0.299633459292776,5.64246457727492,1.6763303274287e-08,7.46764322195615e-07,"AT5G67450","Upregulated"
4008.47442155024,1.15312161190049,0.204511259243653,5.63842605128486,1.71611486890302e-08,7.60956246719122e-07,"AT5G42050","Upregulated"
87.5639199043613,1.35574411772537,0.240771598156222,5.6308307462648,1.79343659676752e-08,7.92177700610078e-07,"AT4G25350","Upregulated"
258.079650069201,1.07692868310998,0.191405132686377,5.62643575956011,1.83971254931233e-08,8.08294758507934e-07,"AT3G21540","Upregulated"
190.785400397692,1.13463212011652,0.201723459927887,5.62469095325914,1.85840379534202e-08,8.14642759601979e-07,"AT2G37690","Upregulated"
122.874267082777,1.40018121074274,0.249117877250037,5.62055692750383,1.90342857039229e-08,8.30587012534816e-07,"AT3G03060","Upregulated"
150.672307531015,1.13837681742335,0.203320153867673,5.59893741849242,2.15669629500665e-08,9.32625424867742e-07,"AT4G26600","Upregulated"
84.4255460483238,1.87031444713608,0.334621442935378,5.58934427731002,2.27928660984436e-08,9.81217554013715e-07,"AT5G01550","Upregulated"
295.651516642726,1.08769392222007,0.194846594108573,5.5823091350213,2.3734601820982e-08,1.01719722089923e-06,"AT5G01540","Upregulated"
125.644108129862,1.61391230819148,0.289721199968988,5.57057028744957,2.53906857300995e-08,1.077653605857e-06,"AT5G57480","Upregulated"
131.084972538748,1.36985382463313,0.246490613813958,5.55742794192984,2.73778948842461e-08,1.14272952560331e-06,"AT1G51090","Upregulated"
470.78302932137,1.11011519917592,0.20099988244908,5.5229644199277,3.33327255570039e-08,1.37042469099459e-06,"AT4G25630","Upregulated"
208.094794812129,1.00063304327389,0.181914099765816,5.50057991415747,3.78544132038371e-08,1.54310983760864e-06,"AT3G13940","Upregulated"
1294.25511086563,1.04763276614108,0.190923408508101,5.48718868119637,4.08380863533948e-08,1.65071843786354e-06,"AT2G38470","Upregulated"
216.578501780243,1.00049044492029,0.182751330744119,5.47460005268655,4.38500833934891e-08,1.76134226183053e-06,"AT1G29320","Upregulated"
89.422957698185,1.51961528220197,0.277694118954565,5.47226310705774,4.44324494622093e-08,1.77937385190301e-06,"AT1G65486","Upregulated"
39.2971349115363,2.25288465938083,0.411707142144944,5.47205629623906,4.44843462975752e-08,1.77937385190301e-06,"AT2G33710","Upregulated"
158.472886876975,1.08667723193468,0.19945461076485,5.44824322570228,5.08697632330826e-08,2.00554302684843e-06,"AT1G52160","Upregulated"
169.47336542409,1.03612587236989,0.190232166963197,5.44663864639856,5.13305948825404e-08,2.01543440029606e-06,"AT5G57280","Upregulated"
225.236707424153,1.18352532495362,0.217617467728224,5.43855848204102,5.37133792689841e-08,2.10040098159775e-06,"AT2G35930","Upregulated"
27.8112879654132,2.50872006028988,0.461517500637116,5.43580699935894,5.45489753502261e-08,2.12874050147224e-06,"AT1G59865","Upregulated"
210.729897416974,1.14202046482237,0.210832060793238,5.41673055096847,6.06987076760842e-08,2.34962739391294e-06,"AT5G58940","Upregulated"
113.466267037332,1.90092884169919,0.35122554818325,5.41227382669609,6.22294299398795e-08,2.40403431558488e-06,"AT1G62510","Upregulated"
428.282212370239,1.01128005540521,0.187059475765388,5.40619528236877,6.43776051153858e-08,2.45735590102467e-06,"AT5G26920","Upregulated"
542.343688633506,1.11667445337444,0.206874036529982,5.39784727027648,6.74452420549868e-08,2.55413934409417e-06,"AT3G13310","Upregulated"
82.9232298925488,1.37184026738731,0.256464464146889,5.34904620002868,8.84189706809726e-08,3.23977907838678e-06,"AT5G14580","Upregulated"
98.7792173180177,1.48974325238493,0.278575214432142,5.34772361360889,8.90673365624731e-08,3.25731973714187e-06,"AT1G53100","Upregulated"
50.4050749810676,1.98777049633286,0.371817694603156,5.34608902476904,8.98750160139313e-08,3.28060894955795e-06,"AT1G62515","Upregulated"
171.083677951706,1.30010698897886,0.244254850234986,5.32274789109852,1.02211356621297e-07,3.68191003213679e-06,"AT4G04940","Upregulated"
240.779448572881,1.08820928724025,0.204442817851566,5.32280516711687,1.02179167574666e-07,3.68191003213679e-06,"AT4G28450","Upregulated"
171.463795647265,1.06839358568058,0.201364537452861,5.30576833038779,1.12199383841249e-07,4.01159808147482e-06,"AT4G20780","Upregulated"
159.294604384443,1.26022418865216,0.238702800711019,5.27946963713185,1.29558345053307e-07,4.56425729362111e-06,"AT2G47130","Upregulated"
399.246263934852,1.02471488514188,0.194826654216845,5.25962368578868,1.44350507294801e-07,5.02088721025394e-06,"AT5G26860","Upregulated"
108.673161997801,1.27694180911146,0.24311644319155,5.25238767213028,1.50140030261458e-07,5.1940334793153e-06,"AT3G18560","Upregulated"
102.029420616793,1.46629206337204,0.279226539097886,5.25126325065403,1.51059603053959e-07,5.1977497825018e-06,"AT1G24140","Upregulated"
20.9830329071677,3.38708929674356,0.645665830411302,5.24588593233425,1.55533113186514e-07,5.30414879783494e-06,"AT5G37490","Upregulated"
437.33619512345,1.11381539338684,0.213013555948679,5.2288474713562,1.70570011943054e-07,5.78612054647815e-06,"AT1G77120","Upregulated"
57.7549991058969,1.60476354966079,0.307375643540235,5.22085462328029,1.78099312331642e-07,6.00793694152075e-06,"AT1G24470","Upregulated"
2321.40332730562,3.55964599472101,0.685339725763367,5.19398753772239,2.05836925552325e-07,6.82568043282323e-06,"AT5G59320","Upregulated"
51.7579341713444,1.60541539816403,0.309376905740853,5.18918952376101,2.11211344347432e-07,6.97978969272064e-06,"AT4G26120","Upregulated"
502.065185322842,1.0693395985896,0.206492609237969,5.17858533792491,2.23574797449683e-07,7.31283834929116e-06,"AT2G38530","Upregulated"
68.7350585923803,1.48091561973023,0.28631500376834,5.17232977747981,2.31193084299804e-07,7.53634502301568e-06,"AT4G21903","Upregulated"
73.1962567182269,1.74871156746732,0.338466674935541,5.16656940539376,2.3842969022095e-07,7.73285481797675e-06,"AT3G29000","Upregulated"
132.009718492206,1.08848632659623,0.211097563416204,5.15631876077198,2.51852017596958e-07,8.14067127586128e-06,"AT5G04895","Upregulated"
40.4486604688703,1.74161381236567,0.33785151106714,5.15496824881617,2.53673908504899e-07,8.15835685643897e-06,"AT1G59860","Upregulated"
123.54844183606,1.22982443205028,0.238721138009091,5.15171987829347,2.58108371016639e-07,8.28709151090213e-06,"AT1G61420","Upregulated"
64.562408354027,1.33896076829947,0.263268719520804,5.08590906939729,3.65869324759488e-07,1.12937154909681e-05,"AT3G27550","Upregulated"
90.4069614260586,1.33915769706643,0.263405833476373,5.08400926202933,3.69549905614272e-07,1.1370766326593e-05,"AT1G30730","Upregulated"
196.304997446425,1.02424786958216,0.20160711712979,5.08041523614852,3.76610751692725e-07,1.15694822920005e-05,"AT3G13230","Upregulated"
1233.43196874301,1.76606017482585,0.348263250120246,5.07104948402127,3.95627876124248e-07,1.21149206085894e-05,"AT4G02380","Upregulated"
173.599708229354,2.89070495854721,0.570750833172374,5.06474067235252,4.08956677509893e-07,1.24105525144907e-05,"AT5G03210","Upregulated"
114.88542410658,1.19494524578057,0.236507850977671,5.0524548797891,4.3616741444175e-07,1.31673181718264e-05,"AT5G16930","Upregulated"
246.708551755848,2.47393168341246,0.490417904334787,5.04453785546054,4.54618824406831e-07,1.37027965912263e-05,"AT3G57240","Upregulated"
251.945636990728,1.06008683457478,0.211828894836308,5.00444868672884,5.60221320106809e-07,1.65226564455464e-05,"AT2G31865","Upregulated"
96.5345620191998,1.36963402970656,0.27690214915421,4.94627446514977,7.5647279901298e-07,2.15813933745159e-05,"AT1G66830","Upregulated"
70.9319508266563,1.33586257770312,0.270219137668845,4.94362682535177,7.66824244952903e-07,2.18442514882726e-05,"AT4G36580","Upregulated"
143.003281759693,1.59328939002287,0.322745477362055,4.93667456797705,7.9465908003067e-07,2.25701987227646e-05,"AT3G09405","Upregulated"
13.8164773753552,3.68423162105763,0.748120343430237,4.92465103163069,8.45110348344385e-07,2.38268996890047e-05,"AT5G53710","Upregulated"
128.206474126638,1.48477756301708,0.302480435493566,4.90867305382685,9.16946960188994e-07,2.55892174936463e-05,"AT5G25110","Upregulated"
284.942353367852,1.10460258264519,0.22565959125276,4.89499505211781,9.83082018808805e-07,2.71976581572465e-05,"AT3G16030","Upregulated"
129.681804320616,1.01582853692761,0.207845111742667,4.88743049288215,1.0216054535439e-06,2.81417858078091e-05,"AT1G18850","Upregulated"
462.420327394289,1.1636789197168,0.239057296350232,4.86778248345932,1.12857447506596e-06,3.06921103700658e-05,"AT3G25610","Upregulated"
63.2448792574361,1.40934605650412,0.289769049624138,4.86368733421392,1.15218871957347e-06,3.12899906871437e-05,"AT4G19370","Upregulated"
83.5757019318587,1.83405342170198,0.377439457956142,4.85919896036704,1.17861645202918e-06,3.19173989830187e-05,"AT1G36622","Upregulated"
152.187919943262,1.13636021252887,0.235696310623999,4.82128977547586,1.42632983835631e-06,3.78776388609143e-05,"AT2G34260","Upregulated"
76.2430074250051,1.2306529983945,0.255636016071768,4.8140829970101,1.47877343526809e-06,3.89471192827808e-05,"AT1G30960","Upregulated"
208.922857382881,1.52423536095723,0.31783101376713,4.79574143155838,1.62074231949175e-06,4.18819011228017e-05,"AT2G35980","Upregulated"
46.2679255525552,1.41188957333865,0.295686957730497,4.7749470729971,1.79754523618309e-06,4.6017158046287e-05,"AT4G23030","Upregulated"
90.0554450433015,1.05473362735209,0.221189757517662,4.76845600442355,1.85643202703813e-06,4.72725396805465e-05,"AT1G64600","Upregulated"
72.3438909593607,1.52851934023678,0.320659255911253,4.76680249223748,1.87172630821691e-06,4.75359062404296e-05,"AT5G15190","Upregulated"
179.244107496349,1.11837843455517,0.235729199606261,4.74433560383356,2.09191786395042e-06,5.25717578374975e-05,"AT1G28190","Upregulated"
1503.51699404245,2.07393241104194,0.437332655980694,4.74223084574203,2.11377562025128e-06,5.29132880167204e-05,"AT3G26830","Upregulated"
179.887128364,1.0037989711416,0.212182574997042,4.73082660607541,2.23607455815276e-06,5.57566643071857e-05,"AT4G39230","Upregulated"
34.3103000824536,1.80100043681749,0.384361501603616,4.68569414289265,2.79012672401906e-06,6.70468499388811e-05,"AT1G29860","Upregulated"
285.202787687038,4.86224567312099,1.03912992910162,4.67915083277857,2.88065475416628e-06,6.89633058354021e-05,"AT5G52300","Upregulated"
100.257401017243,1.31486102233962,0.281555440043367,4.66998976165083,3.01214747497171e-06,7.18425236266546e-05,"AT1G04570","Upregulated"
73.3643459937288,1.22779040768432,0.264358585766074,4.64441283087652,3.41045003343952e-06,8.05419934096418e-05,"AT1G43800","Upregulated"
33.1103241875255,1.81896210967211,0.392131265711226,4.6386561560527,3.50681920617865e-06,8.26146365136565e-05,"AT2G40180","Upregulated"
103.230020198582,1.08315880651599,0.233553271122514,4.63773768318495,3.52243435746555e-06,8.27793631130216e-05,"AT5G19300","Upregulated"
172.954853625611,1.15648158767953,0.249618566027334,4.63299507758927,3.60413111822226e-06,8.41840845132206e-05,"AT5G48657","Upregulated"
100.683265656525,1.25225050998944,0.270404595090639,4.63102525890764,3.63859476017182e-06,8.44842773365998e-05,"AT5G08240","Upregulated"
606.202650773422,5.05937721699269,1.09242550338369,4.6313247002397,3.63333549314182e-06,8.44842773365998e-05,"AT5G59310","Upregulated"
107.644804705234,1.03872441699881,0.225593724185895,4.60440298482271,4.1365079085755e-06,9.51431404725278e-05,"AT5G46080","Upregulated"
45.6266444261108,1.92931472045252,0.419471597560318,4.59939297838893,4.23723804157771e-06,9.67359933392295e-05,"AT2G29110","Upregulated"
94.8572557810135,1.0831575982535,0.238334878317291,4.54468773475743,5.50167537924274e-06,0.000121416284231564,"AT5G48530","Upregulated"
190.237092753373,1.04732437998265,0.230920538648296,4.53543191139778,5.74857219977157e-06,0.000125348325366527,"AT5G53870","Upregulated"
44.0912700585117,1.42355911759914,0.315509813605864,4.51193292953308,6.42395034983934e-06,0.000137656078925129,"AT5G55250","Upregulated"
93.8923477288007,1.03740970233194,0.229958750486861,4.51128604645647,6.44357565355823e-06,0.000137922689574491,"AT2G46140","Upregulated"
110.582625744886,1.11723263133322,0.249222454106663,4.48287308355877,7.36447330665039e-06,0.000154682921601299,"AT4G13800","Upregulated"
50.5858704611284,1.2743176781877,0.285174548908615,4.46855332309495,7.87503827937392e-06,0.000163283731062613,"AT1G56130","Upregulated"
210.141702240112,1.40759167799494,0.315528931064301,4.46105424706077,8.15574402986866e-06,0.000168376650939224,"AT2G28210","Upregulated"
59.1025246666606,1.45350867112568,0.326893240215988,4.44643232807539,8.73081534623872e-06,0.000178521463948651,"AT4G23610","Upregulated"
60.2010872574423,1.29241932287701,0.291108064346698,4.43965482638706,9.01032742585316e-06,0.000183260896797013,"AT4G15990","Upregulated"
128.627037423846,1.02430030358155,0.231400459133118,4.42652666904303,9.57625476649065e-06,0.000192492106148197,"AT4G28350","Upregulated"
12.6591505760711,3.08944603535004,0.697948643985966,4.4264661332477,9.57894133191223e-06,0.000192492106148197,"AT5G23160","Upregulated"
3069.01600639373,1.77069972076966,0.400594830338666,4.42017616471159,9.8620471902692e-06,0.00019762963329671,"AT3G15356","Upregulated"
17.8261071867108,2.40683927642407,0.548413068872329,4.38873435560738,1.14012230176552e-05,0.000223599062246148,"AT4G18430","Upregulated"
19.3606059882289,2.87042050460157,0.656211507105907,4.37423067641865,1.21861467300988e-05,0.000236098907384356,"AT3G04300","Upregulated"
204.36688139748,1.1116695484351,0.254230501369902,4.37268361760272,1.2272851846512e-05,0.000237539067997007,"AT1G17870","Upregulated"
14.8074623724273,2.54952103293038,0.584509025146953,4.361816367659,1.28987111303459e-05,0.000247407845856784,"AT5G11140","Upregulated"
105.700481702506,1.00828236825764,0.231267537132197,4.35980933926442,1.30175814413425e-05,0.000248941796487826,"AT3G18580","Upregulated"
29.6245042254535,1.7898310520736,0.411708498850264,4.34732597717045,1.37807331350305e-05,0.000260270122063808,"AT3G52310","Upregulated"
95.5770563974658,1.08598333923212,0.250198975893519,4.34047875437465,1.42172615063621e-05,0.00026657365324429,"AT1G15510","Upregulated"
84.3588559556532,6.15823994896315,1.43278518387269,4.29809019403592,1.72276063791549e-05,0.000314420192471268,"AT1G52690","Upregulated"
48.4667275800088,1.50329814981016,0.349820191099014,4.29734528783862,1.72855826463585e-05,0.000315178714919358,"AT5G25910","Upregulated"
13.8128682223443,2.71319917632663,0.632311158964421,4.29092407726951,1.77931145089581e-05,0.000322730768001883,"AT4G18540","Upregulated"
55.6010772889064,1.39779428443643,0.326703225366639,4.27848327137808,1.88171128909243e-05,0.000338919856947229,"AT4G11370","Upregulated"
13.8132113817143,2.56619763913948,0.601662849917569,4.26517548738643,1.99745141556601e-05,0.000355431577190615,"AT1G21326","Upregulated"
73.7429832451158,1.02661631244913,0.241807592210818,4.24559172465553,2.18017297458914e-05,0.000381579955443132,"AT3G13150","Upregulated"
11.3059131692927,3.6563621114431,0.861464723567263,4.24435500539403,2.19223060729083e-05,0.000382992062420236,"AT4G28460","Upregulated"
110.504812789809,3.61692219263568,0.854601050589038,4.23229317368929,2.31320603640267e-05,0.00040120646701835,"AT1G64110","Upregulated"
82.0585063117055,1.33570995821634,0.316168393362565,4.22467895671222,2.39281644468667e-05,0.000414265786636466,"AT4G18250","Upregulated"
35.7838424599159,2.00160192813353,0.475103659399719,4.21297939624902,2.52024060682346e-05,0.000432427342725741,"AT5G64905","Upregulated"
12.3279907647423,3.04894681793026,0.723921926899375,4.21170668360493,2.53448507826184e-05,0.000434483156273458,"AT1G61550","Upregulated"
103.444621530214,1.43379964016856,0.340498821791841,4.2108798868182,2.54377976282473e-05,0.000435398102013582,"AT1G60190","Upregulated"
89.2254189432221,1.28707668258148,0.310840317430692,4.14063623798886,3.46343830642438e-05,0.00057227207816995,"AT4G19975","Upregulated"
75.8917984270647,1.01591892455277,0.246078298879585,4.12843769311774,3.65236377853629e-05,0.000597320140953124,"AT4G25990","Upregulated"
2947.84647544848,2.21880425825002,0.537852207773998,4.12530473274983,3.70244199070172e-05,0.000604480325012526,"AT1G75040","Upregulated"
41.1262781317786,1.4867697614085,0.361141640715437,4.11686051617627,3.84068352139632e-05,0.000622287962960416,"AT3G10110","Upregulated"
429.224931680047,2.10270575625049,0.510882895666616,4.11582727487248,3.85793144984738e-05,0.000624555512960116,"AT4G33550","Upregulated"
9.65537603047248,4.80890842573756,1.16970546587972,4.11121309253766,3.93585737998077e-05,0.000633493066279424,"AT2G40170","Upregulated"
25.1080417221374,2.19937008546717,0.5365656788179,4.0989764576679,4.14981239068238e-05,0.000660119286670271,"AT5G37300","Upregulated"
2427.90180277934,2.20397486599146,0.540215912655229,4.07980367545755,4.50737520130526e-05,0.000709357408730008,"AT5G20230","Upregulated"
42.785844460824,1.28116563048142,0.314671605493588,4.07143704139369,4.6723991572611e-05,0.000732925358001742,"AT3G49320","Upregulated"
51.7550975942759,1.12246927106006,0.27790148497428,4.03909058335526,5.3658841211762e-05,0.000824859688763675,"AT2G30540","Upregulated"
113.985896434033,1.0818907747973,0.267922356929624,4.0380757589464,5.38914500992033e-05,0.000827772673523762,"AT4G11000","Upregulated"
53.2350654287145,1.16031168385342,0.287511132254156,4.03571046017001,5.44373164290059e-05,0.000833490012310138,"AT4G28703","Upregulated"
8.98384904302191,4.08882934057055,1.01516920936711,4.02773183311939,5.63175256039542e-05,0.000856147763583528,"AT5G46295","Upregulated"
48.2742082040488,1.17723151191766,0.2927373418612,4.02146000381407,5.78385297641018e-05,0.000877865431992691,"AT1G78930","Upregulated"
29.266678998572,1.63016105885452,0.405477179294828,4.02035217293748,5.81112048796043e-05,0.000881307372581676,"AT2G36270","Upregulated"
41.2846903752932,1.37730148508915,0.343528963681708,4.00927325116397,6.09059056813255e-05,0.000919334425378499,"AT4G21865","Upregulated"
95.9854655175939,1.45808114107149,0.365033495970073,3.99437628921326,6.48647783541826e-05,0.000967679677078714,"AT1G75000","Upregulated"
69.4169776213726,1.62795801560141,0.408845232932005,3.98184419059169,6.8382603915229e-05,0.00101151463418521,"AT5G62480","Upregulated"
25.8049110977925,2.24716030075228,0.56461785912855,3.97996674108152,6.89249104664547e-05,0.00101640420964357,"AT3G60120","Upregulated"
18.7955104247513,2.13119899451388,0.537467630067698,3.9652601855212,7.33159307760208e-05,0.00106965491709696,"AT1G70640","Upregulated"
31.1258444415131,2.02170102798414,0.512397936898234,3.94556824374112,7.96109532526075e-05,0.00114582481443033,"AT5G62040","Upregulated"
56.7400357806126,1.45797990198469,0.370650161253266,3.93357417424258,8.36919963759519e-05,0.00119471102633329,"AT1G56550","Upregulated"
103.645357191273,1.36812667428404,0.34814915616079,3.92971417587519,8.50468950914791e-05,0.00121045247276234,"AT1G05340","Upregulated"
70.6333004665175,1.41029358552664,0.362768232937028,3.88758843107261,0.000101245107049861,0.00139950039982529,"AT2G44480","Upregulated"
99.2023906657387,1.18682172545506,0.305403808826002,3.88607375270565,0.000101878566319079,0.00140522160440109,"AT5G12930","Upregulated"
164.71370985565,1.21465058295913,0.31395384489809,3.86888264850973,0.000109335245727407,0.00149838452388738,"AT5G46350","Upregulated"
13461.7890314181,1.91972103949768,0.496706805085171,3.8648978025749,0.000111135723033648,0.00151872304786195,"AT4G02520","Upregulated"
24.1177524878979,1.7085331561447,0.442503782447405,3.86105887433351,0.000112896693181831,0.00153622715031265,"AT5G05300","Upregulated"
6762.34997491574,1.79891448120004,0.467796634517698,3.84550539371609,0.000120304217966243,0.00161076777193296,"AT5G52310","Upregulated"
397.75974718631,1.7916785652474,0.466025693611011,3.84459181073158,0.000120753270212813,0.00161565351086133,"AT3G12580","Upregulated"
23.6489821794479,1.66950249823676,0.436134376307998,3.82795438499843,0.000129212695202038,0.00170624741944919,"AT3G15340","Upregulated"
65.4388282917887,1.08509435713583,0.283803939141868,3.82339427851779,0.00013162704416167,0.00173454992992729,"AT5G09840","Upregulated"
164.12950790819,2.06768077164664,0.541018452591659,3.82183040475192,0.000132464780954773,0.00173961955836637,"AT5G15500","Upregulated"
60.756240121825,1.08545707609115,0.284268684080361,3.81841946327194,0.000134309416289298,0.0017590319186593,"AT1G13810","Upregulated"
44.5834398877323,1.28650254328496,0.337279499973208,3.81435143074854,0.000136541049754104,0.00178339330291075,"AT1G35210","Upregulated"
9.99912842272078,2.9233436696149,0.767669614289522,3.80807526467027,0.00014005264995366,0.00182553352281757,"AT4G04480","Upregulated"
61.3521038596172,1.29185317566147,0.339695822063707,3.80297045696134,0.000142971410998613,0.00185226119512374,"AT5G40800","Upregulated"
40.2900789383114,1.2991657233068,0.343282753380508,3.78453537357515,0.000153996004226355,0.00196852415522371,"AT1G64405","Upregulated"
241.767735069643,1.02937057916031,0.27457869586604,3.74890912754031,0.000177605419696757,0.0022244123014858,"AT2G15480","Upregulated"
25.1120862945873,1.89609369801025,0.507310071891255,3.73754396584637,0.000185826602961003,0.00230884620422239,"AT2G46940","Upregulated"
96.8175831358189,1.00139501463913,0.268123376874099,3.73482919062798,0.000187842636506345,0.00232832706321615,"AT5G43860","Upregulated"
62.7615522783254,1.31676630742305,0.35299784735404,3.73023891588324,0.000191298284285011,0.00236505283855261,"AT4G25070","Upregulated"
28.9543031261792,1.56334510793167,0.42050270433522,3.71780036564376,0.000200964977412529,0.00246729104926746,"AT5G62150","Upregulated"
38.9743873677934,1.57300355893815,0.428063049114639,3.67470063625344,0.00023812845626629,0.00283725575177029,"AT2G37430","Upregulated"
9.48329458840088,2.61590079797368,0.718879808896146,3.63885696273824,0.000273850843324244,0.00318277009190405,"AT1G12672","Upregulated"
1284.2599992249,1.83335102845279,0.507188829213376,3.61473069368705,0.000300659991453677,0.00344431493789415,"AT5G15960","Upregulated"
44.4608585507121,1.3860722649435,0.383841274291564,3.61105581337417,0.000304953020014169,0.00347071605469594,"AT5G37260","Upregulated"
66.8561533480395,1.03425676273398,0.286751106176747,3.60681001905703,0.000309984446209181,0.00352588943555466,"AT5G66053","Upregulated"
16.8138278373881,2.02174970171637,0.560850690525923,3.60479132123476,0.000312403845757626,0.00354710457631367,"AT1G66060","Upregulated"
1219.1881413138,1.57934909748831,0.440082730833677,3.58875499271795,0.000332260912187832,0.00372716342062909,"AT3G49110","Upregulated"
59.5617999699837,1.02564267674068,0.287056639934579,3.5729627329799,0.000352965009276379,0.00391404453703395,"AT3G21780","Upregulated"
506.766201577511,1.952041517048,0.548720737459083,3.55744075955133,0.000374485518506355,0.00411805381175374,"AT3G50970","Upregulated"
13.1539260141358,2.21679440206568,0.62403489646817,3.55235647014615,0.000381797246665607,0.0041864689525869,"AT1G52560","Upregulated"
13.4650247186829,2.13824317290869,0.60456592452028,3.53682383704536,0.000404969687219548,0.0043904110641532,"AT4G14450","Upregulated"
16.9784172299377,1.86311813038756,0.534925932523313,3.48294598767907,0.000495928410191545,0.00522392671106523,"AT3G48630","Upregulated"
1390.90109371155,2.76313133110241,0.793319830324882,3.48299793536088,0.000495832188561373,0.00522392671106523,"AT5G66400","Upregulated"
27.6093225431879,1.38458287910016,0.400329448821788,3.45860861142026,0.000542973301251018,0.00564433534597702,"AT3G48020","Upregulated"
11.1436416086268,2.19848531632809,0.636523549778017,3.45389470208101,0.000552553074047941,0.00572532057297381,"AT2G04515","Upregulated"
50.9319451206196,1.02324207513175,0.297143718515978,3.44359315499623,0.000574038800729779,0.0059122028696793,"AT3G48830","Upregulated"
1433.53205384568,1.69431264788094,0.495251861190656,3.421113135865,0.000623653827038623,0.00633218058124884,"AT1G15520","Upregulated"
18.8146010754192,1.74560779168287,0.513324799233038,3.40059119351139,0.000672403034790835,0.00672753427200835,"AT2G36690","Upregulated"
11.0008387822067,2.32452262526088,0.684874436094955,3.39408583931813,0.000688581055542053,0.00683950143114714,"AT2G26390","Upregulated"
72.9397644047272,1.00163257573517,0.295748823033133,3.38676774927675,0.00070721229647774,0.00699560849684317,"AT4G37900","Upregulated"
41.4452728873846,1.29952004938064,0.387319766937958,3.35516067164422,0.000793189008002577,0.0077266509150936,"AT2G28710","Upregulated"
31.7750129232737,1.16428764355593,0.348452911924181,3.34130553573695,0.000833854062985847,0.00803311490683807,"AT1G72070","Upregulated"
31.7766953692537,1.16418040048272,0.348738114638714,3.33826545368804,0.000843031690826275,0.0080890597020812,"AT5G44585","Upregulated"
10.8158611291857,2.14473984188016,0.643509913408776,3.3328777027212,0.000859527153185054,0.00821040862743932,"AT1G19320","Upregulated"
559.193068588971,1.5955587721035,0.47981377518279,3.32537091394605,0.000883009784434661,0.00839296428769578,"AT2G41190","Upregulated"
36.6253509411037,1.19463345040256,0.360713596165429,3.31186144104944,0.000926774352322736,0.00875261562449411,"AT5G05320","Upregulated"
30.1678253172996,1.6428859646109,0.497719884619347,3.30082445041828,0.000964011800066785,0.00907305223592269,"AT4G27460","Upregulated"
17.2922497380647,1.9830994557368,0.603085980204165,3.28825328532003,0.00100811098686051,0.00941884717650698,"AT5G40790","Upregulated"
31.4525346705094,1.17719989866466,0.358393372647914,3.28465866979395,0.00102105987330147,0.00952592301622365,"AT1G58420","Upregulated"
49.9333874173642,1.31823766132935,0.402291072247336,3.27682554317008,0.00104981212964738,0.00976569422927797,"AT3G25250","Upregulated"
8.66187322663062,2.46210515995838,0.751726488388577,3.27526726540689,0.00105562053520767,0.00979599530013882,"AT4G03480","Upregulated"
484.721269256305,2.56029275730718,0.782827401292422,3.27057120519826,0.00107330517746241,0.0099277626008453,"AT2G37870","Upregulated"
39.2619218310537,1.07647254305587,0.332764070602384,3.23494222530454,0.00121667347117394,0.0109494221639981,"AT1G04360","Upregulated"
12.8228186817091,1.93415464703785,0.600072962657978,3.22319912310439,0.00126767396945159,0.0113153603967785,"AT1G61440","Upregulated"
16.1371620636699,1.60702257437904,0.50052219810991,3.21069191425982,0.00132415816137597,0.0117052655149257,"AT4G27290","Upregulated"
34.7656778938608,1.11697934496699,0.351441697361865,3.17827780070413,0.00148152726374027,0.0127672008365409,"AT2G21350","Upregulated"
28.3079865614415,1.56200164068687,0.497614472221664,3.13897952708874,0.00169537292218173,0.0142455842914176,"AT1G66960","Upregulated"
28.7825670127428,1.14193987569622,0.366075929143015,3.11940716334315,0.00181215356339145,0.014997132938412,"AT5G66960","Upregulated"
22.155383535837,1.37846406346335,0.449550680399179,3.06631515325333,0.00216714759888422,0.017387895486242,"AT1G16830","Upregulated"
883.097483286207,1.23385890847904,0.404105177687502,3.05331130756556,0.00226331009986183,0.0180613274801942,"AT2G46680","Upregulated"
25.2982163069985,1.16151451988263,0.383633236231934,3.02766916467167,0.00246447732920218,0.0193529508060048,"AT1G65510","Upregulated"
1073.01782801519,1.06659269887934,0.355566940841975,2.99969591198121,0.00270249263703161,0.0207717608610916,"AT1G67360","Upregulated"
12.4835110684658,1.7743566851942,0.591604009082669,2.99923032628783,0.00270662609933846,0.0207868884429194,"AT2G33847","Upregulated"
26.27270651126,1.2411420786346,0.414296841302575,2.99577972820738,0.00273744096627506,0.0209732109147969,"AT2G18000","Upregulated"
12.8197433842889,1.93060689072384,0.647590031101543,2.98121774271278,0.00287104574826,0.0218140397176858,"AT2G33080","Upregulated"
24.299604065303,1.16795502855662,0.393236382527973,2.97010927892345,0.00297693830529427,0.0224498096864297,"AT5G60730","Upregulated"
22.4511724667502,1.24881317224422,0.421241469711562,2.964601688194,0.00303075059002024,0.0227662016151755,"AT3G23370","Upregulated"
22.7973558632225,1.28157731680749,0.433799362599267,2.95430889784728,0.00313370168209978,0.0233920624442691,"AT4G18195","Upregulated"
139.282359866447,1.00778445895332,0.342015137039162,2.94660776618762,0.00321280446603009,0.0239089435856644,"AT3G14280","Upregulated"
34.1184442257441,1.17544937208695,0.399155807543078,2.94483845624641,0.00323123322092134,0.0240184583204374,"AT3G02840","Upregulated"
26.2864918770207,1.19800877221701,0.410175720357057,2.9207208344125,0.00349222598439195,0.0253883903446897,"AT2G34390","Upregulated"
234.653388997175,3.74069581409292,1.28672334449082,2.90714847920411,0.00364740026062038,0.0263270996255305,"AT3G02480","Upregulated"
9.32376796154279,2.03496094294779,0.703726604938418,2.89169249630099,0.00383172779185775,0.0273186682523835,"AT5G18180","Upregulated"
32.9486792034931,1.00112457338863,0.346355751968573,2.89045170377154,0.0038468863575842,0.0273765234863852,"AT4G17440","Upregulated"
34.0857056311368,1.0445389762747,0.36171643457493,2.8877288296347,0.00388034241643423,0.0275425413661875,"AT1G56240","Upregulated"
33.6253056033483,1.01253358011721,0.350820485796996,2.88618715585247,0.00389940200143241,0.0276545019918092,"AT2G43610","Upregulated"
21.4573929056121,1.48389059280146,0.517478382992561,2.86754121828272,0.00413674915484381,0.0288400812538131,"AT1G53080","Upregulated"
941.036250648881,1.71785679365221,0.602934392715608,2.8491603968966,0.00438347751977426,0.0301652460753242,"AT2G30770","Upregulated"
40.2849537578699,1.01890136606856,0.360705665326221,2.82474456049108,0.00473183223527674,0.0320575790110492,"AT3G56030","Upregulated"
31.5710758991085,3.88647439899182,1.37855465074762,2.81923853862747,0.00481377302806593,0.0324752080600372,"AT2G47770","Upregulated"
262.135560156494,1.50554683293861,0.539624867407876,2.78998786725787,0.00527100167556614,0.0348856367359083,"AT4G23150","Upregulated"
26.1204522153914,1.05682918503219,0.383147828947465,2.75828049955385,0.00581063140728923,0.0377160659296664,"AT5G39890","Upregulated"
37.9089770578375,1.00090572214913,0.364658499666118,2.74477551754739,0.00605523020892685,0.0389743278616814,"AT3G49420","Upregulated"
29.2929196339946,1.02600955415824,0.37461113440961,2.73886561267123,0.00616515683873806,0.0394833259852471,"AT2G37980","Upregulated"
10.8131921195225,1.61600459154094,0.594486132039834,2.71832176470797,0.00656139958973417,0.041440418461479,"AT3G11640","Upregulated"
61.6600732987019,1.07936318302445,0.398583422087195,2.70799818359812,0.00676903928808167,0.0424862877839713,"AT1G33030","Upregulated"
13.8178749270017,1.75232690457545,0.647309859984969,2.70709132194609,0.00678755832961934,0.0425746879871583,"AT4G33905","Upregulated"
15.625949866885,1.62653445882979,0.601950628654521,2.70210608877579,0.00689017737712179,0.0430776312734414,"AT5G09930","Upregulated"
14.4764382389727,1.39465329025351,0.517917876358076,2.69280778655586,0.00708531038099626,0.0440252295518214,"AT2G35000","Upregulated"
